branch	name	FractionOverlaps	event	final_name
internal_1	chr3	0.9215370930218362	gain	3 +
internal_1	chr7p	0.9636827287853578	gain	7p +
internal_1	chr8p	0.9965555973451328	gain	8p +
internal_1	NRP2	1.0	gain	NRP2 +
internal_1	EEF1B2	1.0	gain	EEF1B2 +
internal_1	CNTN6	1.0	gain	CNTN6 +
internal_1	IL5RA	1.0	gain	IL5RA +
internal_1	THUMPD3	1.0	gain	THUMPD3 +
internal_1	CAMK1	1.0	gain	CAMK1 +
internal_1	VHL	1.0	gain	VHL +
internal_1	RAF1	1.0	gain	RAF1 +
internal_1	FBLN2	1.0	gain	FBLN2 +
internal_1	CHCHD4	1.0	gain	CHCHD4 +
internal_1	KAT2B	1.0	gain	KAT2B +
internal_1	TOP2B	1.0	gain	TOP2B +
internal_1	SLC4A7	1.0	gain	SLC4A7 +
internal_1	EOMES	1.0	gain	EOMES +
internal_1	TGFBR2	1.0	gain	TGFBR2 +
internal_1	CLASP2	1.0	gain	CLASP2 +
internal_1	ARPP21	1.0	gain	ARPP21 +
internal_1	STAC	1.0	gain	STAC +
internal_1	MLH1	1.0	gain	MLH1 +
internal_1	MYD88	1.0	gain	MYD88 +
internal_1	SCN5A	1.0	gain	SCN5A +
internal_1	SCN10A	1.0	gain	SCN10A +
internal_1	CTNNB1	1.0	gain	CTNNB1 +
internal_1	CYP8B1	1.0	gain	CYP8B1 +
internal_1	ZKSCAN7	1.0	gain	ZKSCAN7 +
internal_1	SETD2	1.0	gain	SETD2 +
internal_1	CDC25A	1.0	gain	CDC25A +
internal_1	DALRD3	1.0	gain	DALRD3 +
internal_1	KLHDC8B	1.0	gain	KLHDC8B +
internal_1	CCDC36	1.0	gain	CCDC36 +
internal_1	RHOA	1.0	gain	RHOA +
internal_1	NICN1	1.0	gain	NICN1 +
internal_1	RBM5	1.0	gain	RBM5 +
internal_1	RBM15B	1.0	gain	RBM15B +
internal_1	IQCF2	1.0	gain	IQCF2 +
internal_1	PCBP4	1.0	gain	PCBP4 +
internal_1	ACY1	1.0	gain	ACY1 +
internal_1	TLR9	1.0	gain	TLR9 +
internal_1	TWF2	1.0	gain	TWF2 +
internal_1	BAP1	1.0	gain	BAP1 +
internal_1	PBRM1	1.0	gain	PBRM1 +
internal_1	GLT8D1	1.0	gain	GLT8D1 +
internal_1	SPCS1	1.0	gain	SPCS1 +
internal_1	PRKCD	1.0	gain	PRKCD +
internal_1	CACNA1D	1.0	gain	CACNA1D +
internal_1	ERC2	1.0	gain	ERC2 +
internal_1	HESX1	1.0	gain	HESX1 +
internal_1	ARF4	1.0	gain	ARF4 +
internal_1	DENND6A	1.0	gain	DENND6A +
internal_1	PXK	1.0	gain	PXK +
internal_1	CADPS	1.0	gain	CADPS +
internal_1	PSMD6	1.0	gain	PSMD6 +
internal_1	FAM19A1	1.0	gain	FAM19A1 +
internal_1	ZNF717	1.0	gain	ZNF717 +
internal_1	ROBO2	1.0	gain	ROBO2 +
internal_1	GBE1	1.0	gain	GBE1 +
internal_1	ZNF654	1.0	gain	ZNF654 +
internal_1	EPHA3	1.0	gain	EPHA3 +
internal_1	EPHA6	1.0	gain	EPHA6 +
internal_1	OR5AC2	1.0	gain	OR5AC2 +
internal_1	TFG	1.0	gain	TFG +
internal_1	SENP7	1.0	gain	SENP7 +
internal_1	ZBTB11	1.0	gain	ZBTB11 +
internal_1	ZBTB20	1.0	gain	ZBTB20 +
internal_1	POGLUT1	1.0	gain	POGLUT1 +
internal_1	GSK3B	1.0	gain	GSK3B +
internal_1	GTF2E1	1.0	gain	GTF2E1 +
internal_1	STXBP5L	1.0	gain	STXBP5L +
internal_1	KPNA1	1.0	gain	KPNA1 +
internal_1	DIRC2	1.0	gain	DIRC2 +
internal_1	SEC22A	1.0	gain	SEC22A +
internal_1	KALRN	1.0	gain	KALRN +
internal_1	GATA2	1.0	gain	GATA2 +
internal_1	C3orf27	1.0	gain	C3orf27 +
internal_1	ISY1	1.0	gain	ISY1 +
internal_1	EPHB1	1.0	gain	EPHB1 +
internal_1	STAG1	1.0	gain	STAG1 +
internal_1	PIK3CB	1.0	gain	PIK3CB +
internal_1	RASA2	1.0	gain	RASA2 +
internal_1	TFDP2	1.0	gain	TFDP2 +
internal_1	ATR	1.0	gain	ATR +
internal_1	SLC9A9	1.0	gain	SLC9A9 +
internal_1	CPB1	1.0	gain	CPB1 +
internal_1	HPS3	1.0	gain	HPS3 +
internal_1	TSC22D2	1.0	gain	TSC22D2 +
internal_1	SIAH2	1.0	gain	SIAH2 +
internal_1	SUCNR1	1.0	gain	SUCNR1 +
internal_1	MBNL1	1.0	gain	MBNL1 +
internal_1	DHX36	1.0	gain	DHX36 +
internal_1	MME	1.0	gain	MME +
internal_1	RSRC1	1.0	gain	RSRC1 +
internal_1	MLF1	1.0	gain	MLF1 +
internal_1	SCHIP1	1.0	gain	SCHIP1 +
internal_1	SMC4	1.0	gain	SMC4 +
internal_1	TRIM59	1.0	gain	TRIM59 +
internal_1	KPNA4	1.0	gain	KPNA4 +
internal_1	B3GALNT1	1.0	gain	B3GALNT1 +
internal_1	NMD3	1.0	gain	NMD3 +
internal_1	GOLIM4	1.0	gain	GOLIM4 +
internal_1	MECOM	1.0	gain	MECOM +
internal_1	PHC3	1.0	gain	PHC3 +
internal_1	PRKCI	1.0	gain	PRKCI +
internal_1	EIF5A2	1.0	gain	EIF5A2 +
internal_1	TNIK	1.0	gain	TNIK +
internal_1	NAALADL2	1.0	gain	NAALADL2 +
internal_1	TBL1XR1	1.0	gain	TBL1XR1 +
internal_1	KCNMB2	1.0	gain	KCNMB2 +
internal_1	PIK3CA	1.0	gain	PIK3CA +
internal_1	GNB4	1.0	gain	GNB4 +
internal_1	CCDC39	1.0	gain	CCDC39 +
internal_1	FXR1	1.0	gain	FXR1 +
internal_1	C7orf50	1.0	gain	C7orf50 +
internal_1	UNCX	1.0	gain	UNCX +
internal_1	NUDT1	1.0	gain	NUDT1 +
internal_1	SDK1	1.0	gain	SDK1 +
internal_1	FOXK1	1.0	gain	FOXK1 +
internal_1	TNRC18	1.0	gain	TNRC18 +
internal_1	RAC1	1.0	gain	RAC1 +
internal_1	ZNF12	1.0	gain	ZNF12 +
internal_1	PHF14	1.0	gain	PHF14 +
internal_1	ETV1	1.0	gain	ETV1 +
internal_1	BZW2	1.0	gain	BZW2 +
internal_1	AHR	1.0	gain	AHR +
internal_1	CDCA7L	1.0	gain	CDCA7L +
internal_1	STEAP1B	1.0	gain	STEAP1B +
internal_1	NFE2L3	1.0	gain	NFE2L3 +
internal_1	SKAP2	1.0	gain	SKAP2 +
internal_1	ZNRF2	1.0	gain	ZNRF2 +
internal_1	GGCT	1.0	gain	GGCT +
internal_1	NEUROD6	1.0	gain	NEUROD6 +
internal_1	AVL9	1.0	gain	AVL9 +
internal_1	NT5C3A	1.0	gain	NT5C3A +
internal_1	AOAH	1.0	gain	AOAH +
internal_1	ELMO1	1.0	gain	ELMO1 +
internal_1	GPR141	1.0	gain	GPR141 +
internal_1	SFRP4	1.0	gain	SFRP4 +
internal_1	INHBA	1.0	gain	INHBA +
internal_1	MRPL32	1.0	gain	MRPL32 +
internal_1	POLM	1.0	gain	POLM +
internal_1	PURB	1.0	gain	PURB +
internal_1	ZPBP	1.0	gain	ZPBP +
internal_1	VSTM2A	1.0	gain	VSTM2A +
internal_1	EGFR	1.0	gain	EGFR +
internal_1	SEPT14	1.0	gain	SEPT14 +
internal_1	GBAS	1.0	gain	GBAS +
internal_1	PSPH	1.0	gain	PSPH +
internal_1	ZNF479	1.0	gain	ZNF479 +
internal_1	CSMD1	1.0	gain	CSMD1 +
internal_1	MCPH1	1.0	gain	MCPH1 +
internal_1	SPAG11A	1.0	gain	SPAG11A +
internal_1	XKR6	1.0	gain	XKR6 +
internal_1	TUSC3	1.0	gain	TUSC3 +
internal_1	MICU3	1.0	gain	MICU3 +
internal_1	PPP3CC	1.0	gain	PPP3CC +
internal_1	KIAA1967	1.0	gain	KIAA1967 +
internal_1	TNFRSF10C	1.0	gain	TNFRSF10C +
internal_1	EBF2	1.0	gain	EBF2 +
internal_1	PNOC	1.0	gain	PNOC +
internal_1	ZNF395	1.0	gain	ZNF395 +
internal_1	HMBOX1	1.0	gain	HMBOX1 +
internal_1	PPP2CB	1.0	gain	PPP2CB +
internal_1	LETM2	1.0	gain	LETM2 +
internal_1	KAT6A	1.0	gain	KAT6A +
internal_1	HOOK3	1.0	gain	HOOK3 +
internal_1	SNTG1	1.0	gain	SNTG1 +
internal_1	PCMTD1	1.0	gain	PCMTD1 +
internal_1	SOX17	1.0	gain	SOX17 +
internal_1	UBXN2B	1.0	gain	UBXN2B +
internal_1	TOX	1.0	gain	TOX +
internal_1	MYBL1	1.0	gain	MYBL1 +
internal_1	CPA6	1.0	gain	CPA6 +
internal_1	PREX2	1.0	gain	PREX2 +
internal_1	C8orf34	1.0	gain	C8orf34 +
internal_1	NCOA2	1.0	gain	NCOA2 +
internal_1	STAU2	1.0	gain	STAU2 +
internal_1	TMEM70	1.0	gain	TMEM70 +
internal_1	LY96	1.0	gain	LY96 +
internal_1	CRISPLD1	1.0	gain	CRISPLD1 +
internal_1	ZFHX4	1.0	gain	ZFHX4 +
internal_1	PEX2	1.0	gain	PEX2 +
internal_1	AXIN1	1.0	gain	AXIN1 +
internal_1	CACNA1H	1.0	gain	CACNA1H +
internal_1	NUBP2	1.0	gain	NUBP2 +
internal_1	HS3ST6	1.0	gain	HS3ST6 +
internal_1	GFER	1.0	gain	GFER +
internal_1	TSC2	1.0	gain	TSC2 +
internal_1	IL32	1.0	gain	IL32 +
internal_1	ZNF263	1.0	gain	ZNF263 +
internal_1	TIGD7	1.0	gain	TIGD7 +
internal_1	CREBBP	1.0	gain	CREBBP +
internal_1	SRL	1.0	gain	SRL +
internal_1	MKL2	1.0	gain	MKL2 +
internal_1	C16orf45	1.0	gain	C16orf45 +
internal_1	KIAA0430	1.0	gain	KIAA0430 +
internal_1	XYLT1	1.0	gain	XYLT1 +
internal_1	SMG1	1.0	gain	SMG1 +
internal_1	ACSM2B	1.0	gain	ACSM2B +
internal_1	ACSM3	1.0	gain	ACSM3 +
internal_1	HS3ST2	1.0	gain	HS3ST2 +
internal_1	GGA2	1.0	gain	GGA2 +
internal_1	PLK1	1.0	gain	PLK1 +
internal_1	CACNG3	1.0	gain	CACNG3 +
internal_1	RBBP6	1.0	gain	RBBP6 +
internal_1	TNRC6A	1.0	gain	TNRC6A +
internal_1	NSMCE1	1.0	gain	NSMCE1 +
internal_1	MAZ	1.0	gain	MAZ +
internal_1	INO80E	1.0	gain	INO80E +
internal_1	FAM57B	1.0	gain	FAM57B +
internal_1	GDPD3	1.0	gain	GDPD3 +
internal_1	ZNF768	1.0	gain	ZNF768 +
internal_1	BCL7C	1.0	gain	BCL7C +
internal_1	FBXL19	1.0	gain	FBXL19 +
internal_1	KAT8	1.0	gain	KAT8 +
internal_1	PYCARD	1.0	gain	PYCARD +
internal_1	TRIM72	1.0	gain	TRIM72 +
internal_1	TOP2B	1.0	loss	TOP2B -
internal_1	PPP3CC	1.0	loss	PPP3CC -
internal_1	KIAA1967	1.0	loss	KIAA1967 -
internal_1	TNFRSF10C	1.0	loss	TNFRSF10C -
internal_1	EBF2	1.0	loss	EBF2 -
internal_1	PNOC	1.0	loss	PNOC -
internal_1	ZNF395	1.0	loss	ZNF395 -
internal_1	HMBOX1	1.0	loss	HMBOX1 -
internal_1	PPP2CB	1.0	loss	PPP2CB -
internal_1	MYBL1	1.0	loss	MYBL1 -
internal_1	chr1q	1.0	gain	1q +
internal_1	AMPD1	1.0	gain	AMPD1 +
internal_1	NRAS	1.0	gain	NRAS +
internal_1	CSDE1	1.0	gain	CSDE1 +
internal_1	CD58	1.0	gain	CD58 +
internal_1	FAM46C	1.0	gain	FAM46C +
internal_1	TBX15	1.0	gain	TBX15 +
internal_1	ZNF697	1.0	gain	ZNF697 +
internal_1	PHGDH	1.0	gain	PHGDH +
internal_1	NOTCH2	1.0	gain	NOTCH2 +
internal_1	NBPF10	1.0	gain	NBPF10 +
internal_1	NOTCH2NL	1.0	gain	NOTCH2NL +
internal_1	BCL9	1.0	gain	BCL9 +
internal_1	NBPF9	1.0	gain	NBPF9 +
internal_1	HIST2H2BF	1.0	gain	HIST2H2BF +
internal_1	CTSK	1.0	gain	CTSK +
internal_1	SETDB1	1.0	gain	SETDB1 +
internal_1	MLLT11	1.0	gain	MLLT11 +
internal_1	ZNF687	1.0	gain	ZNF687 +
internal_1	POGZ	1.0	gain	POGZ +
internal_1	RPTN	1.0	gain	RPTN +
internal_1	LCE5A	1.0	gain	LCE5A +
internal_1	LCE2D	1.0	gain	LCE2D +
internal_1	C1orf68	1.0	gain	C1orf68 +
internal_1	LELP1	1.0	gain	LELP1 +
internal_1	S100A8	1.0	gain	S100A8 +
internal_1	RAB13	1.0	gain	RAB13 +
internal_1	CHRNB2	1.0	gain	CHRNB2 +
internal_1	PYGO2	1.0	gain	PYGO2 +
internal_1	EFNA4	1.0	gain	EFNA4 +
internal_1	MTX1	1.0	gain	MTX1 +
internal_1	ASH1L	1.0	gain	ASH1L +
internal_1	RIT1	1.0	gain	RIT1 +
internal_1	KIAA0907	1.0	gain	KIAA0907 +
internal_1	MRPL24	1.0	gain	MRPL24 +
internal_1	ETV3	1.0	gain	ETV3 +
internal_1	CD5L	1.0	gain	CD5L +
internal_1	KIRREL	1.0	gain	KIRREL +
internal_1	CD1D	1.0	gain	CD1D +
internal_1	CD1A	1.0	gain	CD1A +
internal_1	SPTA1	1.0	gain	SPTA1 +
internal_1	KCNJ9	1.0	gain	KCNJ9 +
internal_1	ATP1A2	1.0	gain	ATP1A2 +
internal_1	ATP1A4	1.0	gain	ATP1A4 +
internal_1	VANGL2	1.0	gain	VANGL2 +
internal_1	CD84	1.0	gain	CD84 +
internal_1	SLAMF1	1.0	gain	SLAMF1 +
internal_1	NIT1	1.0	gain	NIT1 +
internal_1	MPZ	1.0	gain	MPZ +
internal_1	NUF2	1.0	gain	NUF2 +
internal_1	RXRG	1.0	gain	RXRG +
internal_1	BLZF1	1.0	gain	BLZF1 +
internal_1	SELP	1.0	gain	SELP +
internal_1	PRRX1	1.0	gain	PRRX1 +
internal_1	PRRC2C	1.0	gain	PRRC2C +
internal_1	ZBTB37	1.0	gain	ZBTB37 +
internal_1	ASTN1	1.0	gain	ASTN1 +
internal_1	RASAL2	1.0	gain	RASAL2 +
internal_1	ABL2	1.0	gain	ABL2 +
internal_1	TOR1AIP1	1.0	gain	TOR1AIP1 +
internal_1	XPR1	1.0	gain	XPR1 +
internal_1	MR1	1.0	gain	MR1 +
internal_1	CACNA1E	1.0	gain	CACNA1E +
internal_1	RNF2	1.0	gain	RNF2 +
internal_1	IVNS1ABP	1.0	gain	IVNS1ABP +
internal_1	HMCN1	1.0	gain	HMCN1 +
internal_1	CDC73	1.0	gain	CDC73 +
internal_1	B3GALT2	1.0	gain	B3GALT2 +
internal_1	KCNT2	1.0	gain	KCNT2 +
internal_1	CFHR4	1.0	gain	CFHR4 +
internal_1	C1orf53	1.0	gain	C1orf53 +
internal_1	IGFN1	1.0	gain	IGFN1 +
internal_1	ELF3	1.0	gain	ELF3 +
internal_1	UBE2T	1.0	gain	UBE2T +
internal_1	PPP1R12B	1.0	gain	PPP1R12B +
internal_1	PPFIA4	1.0	gain	PPFIA4 +
internal_1	PLEKHA6	1.0	gain	PLEKHA6 +
internal_1	NFASC	1.0	gain	NFASC +
internal_1	NUCKS1	1.0	gain	NUCKS1 +
internal_1	AVPR1B	1.0	gain	AVPR1B +
internal_1	CR1	1.0	gain	CR1 +
internal_1	PLXNA2	1.0	gain	PLXNA2 +
internal_1	IRF6	1.0	gain	IRF6 +
internal_1	SLC30A1	1.0	gain	SLC30A1 +
internal_1	INTS7	1.0	gain	INTS7 +
internal_1	NENF	1.0	gain	NENF +
internal_1	BATF3	1.0	gain	BATF3 +
internal_1	GPATCH2	1.0	gain	GPATCH2 +
internal_1	SPATA17	1.0	gain	SPATA17 +
internal_1	CAPN2	1.0	gain	CAPN2 +
internal_1	ENAH	1.0	gain	ENAH +
internal_1	TMEM63A	1.0	gain	TMEM63A +
internal_1	ACBD3	1.0	gain	ACBD3 +
internal_1	LIN9	1.0	gain	LIN9 +
internal_1	ZNF678	1.0	gain	ZNF678 +
internal_1	TRIM67	1.0	gain	TRIM67 +
internal_1	IRF2BP2	1.0	gain	IRF2BP2 +
internal_1	ARID4B	1.0	gain	ARID4B +
internal_1	GNG4	1.0	gain	GNG4 +
internal_1	GPR137B	1.0	gain	GPR137B +
internal_1	RYR2	1.0	gain	RYR2 +
internal_1	RGS7	1.0	gain	RGS7 +
internal_1	ZBTB18	1.0	gain	ZBTB18 +
internal_1	SCCPDH	1.0	gain	SCCPDH +
internal_1	OR2T35	1.0	gain	OR2T35 +
internal_1	GRPEL2	1.0	gain	GRPEL2 +
internal_1	IL17B	1.0	gain	IL17B +
internal_1	PDE6A	1.0	gain	PDE6A +
internal_1	ANXA6	1.0	gain	ANXA6 +
internal_1	SPARC	1.0	gain	SPARC +
internal_1	LARP1	1.0	gain	LARP1 +
internal_1	ITK	1.0	gain	ITK +
internal_1	LSM11	1.0	gain	LSM11 +
internal_1	ADRA1B	1.0	gain	ADRA1B +
internal_1	GABRA6	1.0	gain	GABRA6 +
internal_1	GABRA1	1.0	gain	GABRA1 +
internal_1	GABRG2	1.0	gain	GABRG2 +
internal_1	WWC1	1.0	gain	WWC1 +
internal_1	PANK3	1.0	gain	PANK3 +
internal_1	NPM1	1.0	gain	NPM1 +
internal_1	FBXW11	1.0	gain	FBXW11 +
internal_1	CPEB4	1.0	gain	CPEB4 +
internal_1	HMP19	1.0	gain	HMP19 +
internal_1	HIGD2A	1.0	gain	HIGD2A +
internal_1	NSD1	1.0	gain	NSD1 +
internal_1	FAM153A	1.0	gain	FAM153A +
internal_1	ZFP2	1.0	gain	ZFP2 +
internal_1	ZNF454	1.0	gain	ZNF454 +
internal_1	CORO2B	1.0	gain	CORO2B +
internal_1	KIF23	1.0	gain	KIF23 +
internal_1	SENP8	1.0	gain	SENP8 +
internal_1	ADPGK	1.0	gain	ADPGK +
internal_1	CPLX3	1.0	gain	CPLX3 +
internal_1	C15orf39	1.0	gain	C15orf39 +
internal_1	COMMD4	1.0	gain	COMMD4 +
internal_1	SIN3A	1.0	gain	SIN3A +
internal_1	FBXO22	1.0	gain	FBXO22 +
internal_1	PSTPIP1	1.0	gain	PSTPIP1 +
internal_1	IREB2	1.0	gain	IREB2 +
internal_1	FAM154B	1.0	gain	FAM154B +
internal_1	SH3GL3	1.0	gain	SH3GL3 +
internal_1	MFGE8	1.0	gain	MFGE8 +
internal_1	IDH2	1.0	gain	IDH2 +
internal_1	ZNF774	1.0	gain	ZNF774 +
internal_1	CHD2	1.0	gain	CHD2 +
internal_1	CERS3	1.0	gain	CERS3 +
internal_1	chr4p	0.98046218	loss	4p -
internal_1	TNNI3K	1.0	loss	TNNI3K -
internal_1	NEXN	1.0	loss	NEXN -
internal_1	FUBP1	1.0	loss	FUBP1 -
internal_1	LPAR3	1.0	loss	LPAR3 -
internal_1	BCL10	1.0	loss	BCL10 -
internal_1	PKN2	1.0	loss	PKN2 -
internal_1	GBP5	1.0	loss	GBP5 -
internal_1	ZNF326	1.0	loss	ZNF326 -
internal_1	CDC7	1.0	loss	CDC7 -
internal_1	RPL5	1.0	loss	RPL5 -
internal_1	CCDC18	1.0	loss	CCDC18 -
internal_1	FNBP1L	1.0	loss	FNBP1L -
internal_1	ARHGAP29	1.0	loss	ARHGAP29 -
internal_1	DPYD	1.0	loss	DPYD -
internal_1	GPR88	1.0	loss	GPR88 -
internal_1	OLFM3	1.0	loss	OLFM3 -
internal_1	COL11A1	1.0	loss	COL11A1 -
internal_1	AMY2A	1.0	loss	AMY2A -
internal_1	NTNG1	1.0	loss	NTNG1 -
internal_1	PRPF38B	1.0	loss	PRPF38B -
internal_1	GPSM2	1.0	loss	GPSM2 -
internal_1	WDR47	1.0	loss	WDR47 -
internal_1	SYPL2	1.0	loss	SYPL2 -
internal_1	RBM15	1.0	loss	RBM15 -
internal_1	KCNA10	1.0	loss	KCNA10 -
internal_1	PUM2	1.0	loss	PUM2 -
internal_1	DNMT3A	1.0	loss	DNMT3A -
internal_1	ASXL2	1.0	loss	ASXL2 -
internal_1	YIPF4	1.0	loss	YIPF4 -
internal_1	BIRC6	1.0	loss	BIRC6 -
internal_1	PPP1R21	1.0	loss	PPP1R21 -
internal_1	LHCGR	1.0	loss	LHCGR -
internal_1	RGPD3	1.0	loss	RGPD3 -
internal_1	ST6GAL2	1.0	loss	ST6GAL2 -
internal_1	RGPD4	1.0	loss	RGPD4 -
internal_1	SULT1C3	1.0	loss	SULT1C3 -
internal_1	SULT1C4	1.0	loss	SULT1C4 -
internal_1	GCC2	1.0	loss	GCC2 -
internal_1	ERCC3	1.0	loss	ERCC3 -
internal_1	IWS1	1.0	loss	IWS1 -
internal_1	WDR33	1.0	loss	WDR33 -
internal_1	HS6ST1	1.0	loss	HS6ST1 -
internal_1	MGAT5	1.0	loss	MGAT5 -
internal_1	RAB3GAP1	1.0	loss	RAB3GAP1 -
internal_1	ACVR2A	1.0	loss	ACVR2A -
internal_1	CACNB4	1.0	loss	CACNB4 -
internal_1	PRPF40A	1.0	loss	PRPF40A -
internal_1	LRP2	1.0	loss	LRP2 -
internal_1	CYBRD1	1.0	loss	CYBRD1 -
internal_1	SP3	1.0	loss	SP3 -
internal_1	SCRN3	1.0	loss	SCRN3 -
internal_1	WIPF1	1.0	loss	WIPF1 -
internal_1	HOXD9	1.0	loss	HOXD9 -
internal_1	NFE2L2	1.0	loss	NFE2L2 -
internal_1	OSBPL6	1.0	loss	OSBPL6 -
internal_1	PRKRA	1.0	loss	PRKRA -
internal_1	SESTD1	1.0	loss	SESTD1 -
internal_1	EPHA4	1.0	loss	EPHA4 -
internal_1	PAX3	1.0	loss	PAX3 -
internal_1	ING5	1.0	loss	ING5 -
internal_1	KLHDC8B	1.0	loss	KLHDC8B -
internal_1	CCDC36	1.0	loss	CCDC36 -
internal_1	RHOA	1.0	loss	RHOA -
internal_1	NICN1	1.0	loss	NICN1 -
internal_1	RBM5	1.0	loss	RBM5 -
internal_1	ZNF732	1.0	loss	ZNF732 -
internal_1	SLBP	1.0	loss	SLBP -
internal_1	FGFR3	1.0	loss	FGFR3 -
internal_1	RGS12	1.0	loss	RGS12 -
internal_1	MSX1	1.0	loss	MSX1 -
internal_1	STK32B	1.0	loss	STK32B -
internal_1	HTRA3	1.0	loss	HTRA3 -
internal_1	CPEB2	1.0	loss	CPEB2 -
internal_1	FGFBP1	1.0	loss	FGFBP1 -
internal_1	KCNIP4	1.0	loss	KCNIP4 -
internal_1	DHX15	1.0	loss	DHX15 -
internal_1	ANAPC4	1.0	loss	ANAPC4 -
internal_1	TBC1D19	1.0	loss	TBC1D19 -
internal_1	PCDH7	1.0	loss	PCDH7 -
internal_1	ARAP2	1.0	loss	ARAP2 -
internal_1	KLHL5	1.0	loss	KLHL5 -
internal_1	RBM47	1.0	loss	RBM47 -
internal_1	LIMCH1	1.0	loss	LIMCH1 -
internal_1	SLC30A9	1.0	loss	SLC30A9 -
internal_1	GRXCR1	1.0	loss	GRXCR1 -
internal_1	GABRG1	1.0	loss	GABRG1 -
internal_1	GABRA2	1.0	loss	GABRA2 -
internal_1	GABRA4	1.0	loss	GABRA4 -
internal_1	GABRB1	1.0	loss	GABRB1 -
internal_1	OCIAD2	1.0	loss	OCIAD2 -
internal_1	PLK2	1.0	loss	PLK2 -
internal_1	TRIM23	1.0	loss	TRIM23 -
internal_1	PIK3R1	1.0	loss	PIK3R1 -
internal_1	TNPO1	1.0	loss	TNPO1 -
internal_1	PAPD4	1.0	loss	PAPD4 -
internal_1	MSH3	1.0	loss	MSH3 -
internal_1	RASGRF2	1.0	loss	RASGRF2 -
internal_1	RASA1	1.0	loss	RASA1 -
internal_1	MEF2C	1.0	loss	MEF2C -
internal_1	ARRDC3	1.0	loss	ARRDC3 -
internal_1	CAST	1.0	loss	CAST -
internal_1	FBXL17	1.0	loss	FBXL17 -
internal_1	EPB41L4A	1.0	loss	EPB41L4A -
internal_1	APC	1.0	loss	APC -
internal_1	SRP19	1.0	loss	SRP19 -
internal_1	KCNN2	1.0	loss	KCNN2 -
internal_1	ZNF608	1.0	loss	ZNF608 -
internal_1	SLC12A2	1.0	loss	SLC12A2 -
internal_1	FBN2	1.0	loss	FBN2 -
internal_1	ADAMTS19	1.0	loss	ADAMTS19 -
internal_1	RAPGEF6	1.0	loss	RAPGEF6 -
internal_1	AFF4	1.0	loss	AFF4 -
internal_1	TCF7	1.0	loss	TCF7 -
internal_1	CDKL3	1.0	loss	CDKL3 -
internal_1	MYOT	1.0	loss	MYOT -
internal_1	NME5	1.0	loss	NME5 -
internal_1	FAM53C	1.0	loss	FAM53C -
internal_1	KDM3B	1.0	loss	KDM3B -
internal_1	CTNNA1	1.0	loss	CTNNA1 -
internal_1	CXXC5	1.0	loss	CXXC5 -
internal_1	HBEGF	1.0	loss	HBEGF -
internal_1	IK	1.0	loss	IK -
internal_1	HARS2	1.0	loss	HARS2 -
internal_1	HDAC3	1.0	loss	HDAC3 -
internal_1	ARAP3	1.0	loss	ARAP3 -
internal_1	NDFIP1	1.0	loss	NDFIP1 -
internal_1	ARHGAP26	1.0	loss	ARHGAP26 -
internal_1	NR3C1	1.0	loss	NR3C1 -
internal_1	KCTD16	1.0	loss	KCTD16 -
internal_1	GRXCR2	1.0	loss	GRXCR2 -
internal_1	RBM27	1.0	loss	RBM27 -
internal_1	POU4F3	1.0	loss	POU4F3 -
internal_1	TCERG1	1.0	loss	TCERG1 -
internal_1	NEDD9	1.0	loss	NEDD9 -
internal_1	MCUR1	1.0	loss	MCUR1 -
internal_1	DOPEY1	1.0	loss	DOPEY1 -
internal_1	PRSS35	1.0	loss	PRSS35 -
internal_1	SNAP91	1.0	loss	SNAP91 -
internal_1	TBX18	1.0	loss	TBX18 -
internal_1	HTR1E	1.0	loss	HTR1E -
internal_1	ZNF292	1.0	loss	ZNF292 -
internal_1	GABRR2	1.0	loss	GABRR2 -
internal_1	EPHA7	1.0	loss	EPHA7 -
internal_1	MANEA	1.0	loss	MANEA -
internal_1	PNISR	1.0	loss	PNISR -
internal_1	ASCC3	1.0	loss	ASCC3 -
internal_1	LIN28B	1.0	loss	LIN28B -
internal_1	ATG5	1.0	loss	ATG5 -
internal_1	RTN4IP1	1.0	loss	RTN4IP1 -
internal_1	C6orf203	1.0	loss	C6orf203 -
internal_1	SEC63	1.0	loss	SEC63 -
internal_1	MICAL1	1.0	loss	MICAL1 -
internal_1	ZBTB24	1.0	loss	ZBTB24 -
internal_1	DDO	1.0	loss	DDO -
internal_1	GTF3C6	1.0	loss	GTF3C6 -
internal_1	SLC16A10	1.0	loss	SLC16A10 -
internal_1	NUDT1	1.0	loss	NUDT1 -
internal_1	VPS13A	1.0	loss	VPS13A -
internal_1	NTRK2	1.0	loss	NTRK2 -
internal_1	DIRAS2	1.0	loss	DIRAS2 -
internal_1	RABL6	1.0	loss	RABL6 -
internal_1	ZEB1	1.0	loss	ZEB1 -
internal_1	ARHGAP12	1.0	loss	ARHGAP12 -
internal_1	IFITM1	1.0	loss	IFITM1 -
internal_1	HRAS	1.0	loss	HRAS -
internal_1	RASSF7	1.0	loss	RASSF7 -
internal_1	KRTAP5-5	1.0	loss	KRTAP5-5 -
internal_1	NUP98	1.0	loss	NUP98 -
internal_1	PGAP2	1.0	loss	PGAP2 -
internal_1	OR52W1	1.0	loss	OR52W1 -
internal_1	FAM160A2	1.0	loss	FAM160A2 -
internal_1	DCHS1	1.0	loss	DCHS1 -
internal_1	RIC3	1.0	loss	RIC3 -
internal_1	AKIP1	1.0	loss	AKIP1 -
internal_1	SWAP70	1.0	loss	SWAP70 -
internal_1	RNF141	1.0	loss	RNF141 -
internal_1	ZNF319	1.0	loss	ZNF319 -
internal_1	CNOT1	1.0	loss	CNOT1 -
internal_1	GOT2	1.0	loss	GOT2 -
internal_1	CDH11	1.0	loss	CDH11 -
internal_1	HPR	1.0	loss	HPR -
internal_1	ZFHX3	1.0	loss	ZFHX3 -
internal_1	GSE1	1.0	loss	GSE1 -
internal_1	ZC3H18	1.0	loss	ZC3H18 -
internal_1	YWHAE	1.0	loss	YWHAE -
internal_1	PRPF8	1.0	loss	PRPF8 -
internal_1	CAMTA2	1.0	loss	CAMTA2 -
internal_1	USP6	1.0	loss	USP6 -
internal_1	ACADVL	1.0	loss	ACADVL -
internal_1	CTDNEP1	1.0	loss	CTDNEP1 -
internal_1	YBX2	1.0	loss	YBX2 -
internal_1	GPS2	1.0	loss	GPS2 -
internal_1	KCTD11	1.0	loss	KCTD11 -
internal_1	POLR2A	1.0	loss	POLR2A -
internal_1	TNFSF12	1.0	loss	TNFSF12 -
internal_1	SENP3	1.0	loss	SENP3 -
internal_1	TP53	1.0	loss	TP53 -
internal_1	CHD3	1.0	loss	CHD3 -
internal_1	PER1	1.0	loss	PER1 -
internal_1	ODF4	1.0	loss	ODF4 -
internal_1	MYH10	1.0	loss	MYH10 -
internal_1	PIK3R5	1.0	loss	PIK3R5 -
internal_1	MYH2	1.0	loss	MYH2 -
internal_1	MAP2K4	1.0	loss	MAP2K4 -
internal_1	NCOR1	1.0	loss	NCOR1 -
internal_1	CCDC144NL	1.0	loss	CCDC144NL -
internal_1	TMEM11	1.0	loss	TMEM11 -
internal_1	NUDT19	1.0	loss	NUDT19 -
internal_1	CEBPA	1.0	loss	CEBPA -
internal_1	ZNF302	1.0	loss	ZNF302 -
internal_1	ZNF181	1.0	loss	ZNF181 -
internal_1	ATP4A	1.0	loss	ATP4A -
internal_1	RBM42	1.0	loss	RBM42 -
internal_1	KMT2B	1.0	loss	KMT2B -
internal_1	ARHGAP33	1.0	loss	ARHGAP33 -
internal_1	ZNF146	1.0	loss	ZNF146 -
internal_1	ZFP14	1.0	loss	ZFP14 -
internal_1	ZNF568	1.0	loss	ZNF568 -
internal_1	PSMC4	1.0	loss	PSMC4 -
internal_1	ZNF780A	1.0	loss	ZNF780A -
internal_1	CEACAM5	1.0	loss	CEACAM5 -
internal_1	CEACAM3	1.0	loss	CEACAM3 -
internal_1	CIC	1.0	loss	CIC -
internal_1	ZNF222	1.0	loss	ZNF222 -
internal_1	ZNF225	1.0	loss	ZNF225 -
internal_1	ZNF234	1.0	loss	ZNF234 -
internal_1	ZNF180	1.0	loss	ZNF180 -
internal_1	EXOC3L2	1.0	loss	EXOC3L2 -
internal_3	MCUR1	1.0	gain	MCUR1 +
internal_3	R3HCC1L	1.0	loss	R3HCC1L -
internal_3	HPS1	1.0	loss	HPS1 -
internal_3	HPSE2	1.0	loss	HPSE2 -
internal_3	BTG3	1.0	loss	BTG3 -
internal_3	PLAC4	1.0	loss	PLAC4 -
RAxillaryLNMet_A24A-0021_CRUK_PC_0021_M1	ANKRD44	1.0	gain	ANKRD44 +
RAxillaryLNMet_A24A-0021_CRUK_PC_0021_M1	SF3B1	1.0	gain	SF3B1 +
RAxillaryLNMet_A24A-0021_CRUK_PC_0021_M1	RAF1	1.0	loss	RAF1 -
RAxillaryLNMet_A24A-0021_CRUK_PC_0021_M1	FBLN2	1.0	loss	FBLN2 -
RAxillaryLNMet_A24A-0021_CRUK_PC_0021_M1	CHCHD4	1.0	loss	CHCHD4 -
RAxillaryLNMet_A24A-0021_CRUK_PC_0021_M1	KAT2B	1.0	loss	KAT2B -
RAxillaryLNMet_A24A-0021_CRUK_PC_0021_M1	TOP2B	1.0	loss	TOP2B -
RAxillaryLNMet_A24A-0021_CRUK_PC_0021_M1	SLC4A7	1.0	loss	SLC4A7 -
RAxillaryLNMet_A24A-0021_CRUK_PC_0021_M1	EOMES	1.0	loss	EOMES -
RAxillaryLNMet_A24A-0021_CRUK_PC_0021_M1	TGFBR2	1.0	loss	TGFBR2 -
RAxillaryLNMet_A24A-0021_CRUK_PC_0021_M1	CLASP2	1.0	loss	CLASP2 -
RAxillaryLNMet_A24A-0021_CRUK_PC_0021_M1	ARPP21	1.0	loss	ARPP21 -
RAxillaryLNMet_A24A-0021_CRUK_PC_0021_M1	STAC	1.0	loss	STAC -
RAxillaryLNMet_A24A-0021_CRUK_PC_0021_M1	MLH1	1.0	loss	MLH1 -
RAxillaryLNMet_A24A-0021_CRUK_PC_0021_M1	MYD88	1.0	loss	MYD88 -
RAxillaryLNMet_A24A-0021_CRUK_PC_0021_M1	SCN5A	1.0	loss	SCN5A -
RAxillaryLNMet_A24A-0021_CRUK_PC_0021_M1	SCN10A	1.0	loss	SCN10A -
RAxillaryLNMet_A24A-0021_CRUK_PC_0021_M1	CTNNB1	1.0	loss	CTNNB1 -
RAxillaryLNMet_A24A-0021_CRUK_PC_0021_M1	CYP8B1	1.0	loss	CYP8B1 -
RAxillaryLNMet_A24A-0021_CRUK_PC_0021_M1	ZKSCAN7	1.0	loss	ZKSCAN7 -
RAxillaryLNMet_A24A-0021_CRUK_PC_0021_M1	SETD2	1.0	loss	SETD2 -
RAxillaryLNMet_A24A-0021_CRUK_PC_0021_M1	CDC25A	1.0	loss	CDC25A -
RAxillaryLNMet_A24A-0021_CRUK_PC_0021_M1	DALRD3	1.0	loss	DALRD3 -
RAxillaryLNMet_A24A-0021_CRUK_PC_0021_M1	KLHDC8B	1.0	loss	KLHDC8B -
RAxillaryLNMet_A24A-0021_CRUK_PC_0021_M1	CCDC36	1.0	loss	CCDC36 -
RAxillaryLNMet_A24A-0021_CRUK_PC_0021_M1	RHOA	1.0	loss	RHOA -
RAxillaryLNMet_A24A-0021_CRUK_PC_0021_M1	NICN1	1.0	loss	NICN1 -
RAxillaryLNMet_A24A-0021_CRUK_PC_0021_M1	RBM5	1.0	loss	RBM5 -
RAxillaryLNMet_A24A-0021_CRUK_PC_0021_M1	TBL1XR1	1.0	loss	TBL1XR1 -
RAxillaryLNMet_A24A-0021_CRUK_PC_0021_M1	KCNMB2	1.0	loss	KCNMB2 -
RAxillaryLNMet_A24A-0021_CRUK_PC_0021_M1	PIK3CA	1.0	loss	PIK3CA -
RAxillaryLNMet_A24A-0021_CRUK_PC_0021_M1	GNB4	1.0	loss	GNB4 -
RAxillaryLNMet_A24A-0021_CRUK_PC_0021_M1	CCDC39	1.0	loss	CCDC39 -
RAxillaryLNMet_A24A-0021_CRUK_PC_0021_M1	FXR1	1.0	loss	FXR1 -
RAxillaryLNMet_A24A-0021_CRUK_PC_0021_M1	PREX2	1.0	loss	PREX2 -
RAxillaryLNMet_A24A-0021_CRUK_PC_0021_M1	C8orf34	1.0	loss	C8orf34 -
RAxillaryLNMet_A24A-0021_CRUK_PC_0021_M1	NCOA2	1.0	loss	NCOA2 -
RAxillaryLNMet_A24A-0021_CRUK_PC_0021_M1	MKL2	1.0	loss	MKL2 -
RAxillaryLNMet_A24A-0021_CRUK_PC_0021_M1	C16orf45	1.0	loss	C16orf45 -
RAxillaryLNMet_A24A-0021_CRUK_PC_0021_M1	KIAA0430	1.0	loss	KIAA0430 -
RAxillaryLNMet_A24A-0021_CRUK_PC_0021_M1	XYLT1	1.0	loss	XYLT1 -
RAxillaryLNMet_A24A-0021_CRUK_PC_0021_M1	SMG1	1.0	loss	SMG1 -
RAxillaryLNMet_A24A-0021_CRUK_PC_0021_M1	ACSM2B	1.0	loss	ACSM2B -
RAxillaryLNMet_A24A-0021_CRUK_PC_0021_M1	ACSM3	1.0	loss	ACSM3 -
RAxillaryLNMet_A24A-0021_CRUK_PC_0021_M1	HS3ST2	1.0	loss	HS3ST2 -
RAxillaryLNMet_A24A-0021_CRUK_PC_0021_M1	GGA2	1.0	loss	GGA2 -
RAxillaryLNMet_A24A-0021_CRUK_PC_0021_M1	PLK1	1.0	loss	PLK1 -
RAxillaryLNMet_A24A-0021_CRUK_PC_0021_M1	CACNG3	1.0	loss	CACNG3 -
RAxillaryLNMet_A24A-0021_CRUK_PC_0021_M1	RBBP6	1.0	loss	RBBP6 -
RAxillaryLNMet_A24A-0021_CRUK_PC_0021_M1	TNRC6A	1.0	loss	TNRC6A -
RAxillaryLNMet_A24A-0021_CRUK_PC_0021_M1	NSMCE1	1.0	loss	NSMCE1 -
RAxillaryLNMet_A24A-0021_CRUK_PC_0021_M1	MAZ	1.0	loss	MAZ -
RAxillaryLNMet_A24A-0021_CRUK_PC_0021_M1	INO80E	1.0	loss	INO80E -
RAxillaryLNMet_A24A-0021_CRUK_PC_0021_M1	FAM57B	1.0	loss	FAM57B -
RAxillaryLNMet_A24A-0021_CRUK_PC_0021_M1	GDPD3	1.0	loss	GDPD3 -
RAxillaryLNMet_A24A-0021_CRUK_PC_0021_M1	ZNF768	1.0	loss	ZNF768 -
RAxillaryLNMet_A24A-0021_CRUK_PC_0021_M1	BCL7C	1.0	loss	BCL7C -
RAxillaryLNMet_A24A-0021_CRUK_PC_0021_M1	FBXL19	1.0	loss	FBXL19 -
RAxillaryLNMet_A24A-0021_CRUK_PC_0021_M1	KAT8	1.0	loss	KAT8 -
RAxillaryLNMet_A24A-0021_CRUK_PC_0021_M1	PYCARD	1.0	loss	PYCARD -
RAxillaryLNMet_A24A-0021_CRUK_PC_0021_M1	TRIM72	1.0	loss	TRIM72 -
RAxillaryLNMet_A24A-0021_CRUK_PC_0021_M1	RELN	1.0	gain	RELN +
RAxillaryLNMet_A24A-0021_CRUK_PC_0021_M1	KMT2E	1.0	gain	KMT2E +
RAxillaryLNMet_A24A-0021_CRUK_PC_0021_M1	PUS7	1.0	gain	PUS7 +
RAxillaryLNMet_A24A-0021_CRUK_PC_0021_M1	NAMPT	1.0	gain	NAMPT +
RAxillaryLNMet_A24A-0021_CRUK_PC_0021_M1	CBLL1	1.0	gain	CBLL1 +
RAxillaryLNMet_A24A-0021_CRUK_PC_0021_M1	SLC26A3	1.0	gain	SLC26A3 +
RAxillaryLNMet_A24A-0021_CRUK_PC_0021_M1	MDFIC	1.0	gain	MDFIC +
RAxillaryLNMet_A24A-0021_CRUK_PC_0021_M1	TES	1.0	gain	TES +
RAxillaryLNMet_A24A-0021_CRUK_PC_0021_M1	WNT16	1.0	gain	WNT16 +
RAxillaryLNMet_A24A-0021_CRUK_PC_0021_M1	RNF148	1.0	gain	RNF148 +
RAxillaryLNMet_A24A-0021_CRUK_PC_0021_M1	SMO	1.0	gain	SMO +
RAxillaryLNMet_A24A-0021_CRUK_PC_0021_M1	AHCYL2	1.0	gain	AHCYL2 +
RAxillaryLNMet_A24A-0021_CRUK_PC_0021_M1	STRIP2	1.0	gain	STRIP2 +
RAxillaryLNMet_A24A-0021_CRUK_PC_0021_M1	NRF1	1.0	gain	NRF1 +
RAxillaryLNMet_A24A-0021_CRUK_PC_0021_M1	COPG2	1.0	gain	COPG2 +
RAxillaryLNMet_A24A-0021_CRUK_PC_0021_M1	PLXNA4	1.0	gain	PLXNA4 +
RAxillaryLNMet_A24A-0021_CRUK_PC_0021_M1	NUP205	1.0	gain	NUP205 +
RAxillaryLNMet_A24A-0021_CRUK_PC_0021_M1	FAM180A	1.0	gain	FAM180A +
RAxillaryLNMet_A24A-0021_CRUK_PC_0021_M1	PTN	1.0	gain	PTN +
RAxillaryLNMet_A24A-0021_CRUK_PC_0021_M1	DGKI	1.0	gain	DGKI +
RAxillaryLNMet_A24A-0021_CRUK_PC_0021_M1	ATP6V0A4	1.0	gain	ATP6V0A4 +
RAxillaryLNMet_A24A-0021_CRUK_PC_0021_M1	UBN2	1.0	gain	UBN2 +
RAxillaryLNMet_A24A-0021_CRUK_PC_0021_M1	LUC7L2	1.0	gain	LUC7L2 +
RAxillaryLNMet_A24A-0021_CRUK_PC_0021_M1	MKRN1	1.0	gain	MKRN1 +
RAxillaryLNMet_A24A-0021_CRUK_PC_0021_M1	BRAF	1.0	gain	BRAF +
RAxillaryLNMet_A24A-0021_CRUK_PC_0021_M1	TRPV5	1.0	gain	TRPV5 +
RAxillaryLNMet_A24A-0021_CRUK_PC_0021_M1	OR9A2	1.0	gain	OR9A2 +
RAxillaryLNMet_A24A-0021_CRUK_PC_0021_M1	CLCN1	1.0	gain	CLCN1 +
RAxillaryLNMet_A24A-0021_CRUK_PC_0021_M1	TPK1	1.0	gain	TPK1 +
RAxillaryLNMet_A24A-0021_CRUK_PC_0021_M1	CUL1	1.0	gain	CUL1 +
RAxillaryLNMet_A24A-0021_CRUK_PC_0021_M1	EZH2	1.0	gain	EZH2 +
RAxillaryLNMet_A24A-0021_CRUK_PC_0021_M1	CHPF2	1.0	gain	CHPF2 +
RAxillaryLNMet_A24A-0021_CRUK_PC_0021_M1	KMT2C	1.0	gain	KMT2C +
RAxillaryLNMet_A24A-0021_CRUK_PC_0021_M1	CNPY1	1.0	gain	CNPY1 +
RAxillaryLNMet_A24A-0021_CRUK_PC_0021_M1	MGST1	1.0	gain	MGST1 +
RAxillaryLNMet_A24A-0021_CRUK_PC_0021_M1	RECQL	1.0	gain	RECQL +
RAxillaryLNMet_A24A-0021_CRUK_PC_0021_M1	ABCC9	1.0	gain	ABCC9 +
RAxillaryLNMet_A24A-0021_CRUK_PC_0021_M1	CMAS	1.0	gain	CMAS +
RAxillaryLNMet_A24A-0021_CRUK_PC_0021_M1	C2CD5	1.0	gain	C2CD5 +
RAxillaryLNMet_A24A-0021_CRUK_PC_0021_M1	SOX5	1.0	gain	SOX5 +
RAxillaryLNMet_A24A-0021_CRUK_PC_0021_M1	KRAS	1.0	gain	KRAS +
RAxillaryLNMet_A24A-0021_CRUK_PC_0021_M1	chr1p	0.9086576337115073	loss	1p -
RAxillaryLNMet_A24A-0021_CRUK_PC_0021_M1	chr3q	0.9369032103087243	loss	3q -
RAxillaryLNMet_A24A-0021_CRUK_PC_0021_M1	chr4q	0.9807392463642594	loss	4q -
RAxillaryLNMet_A24A-0021_CRUK_PC_0021_M1	chr5p	0.9825495491803279	loss	5p -
RAxillaryLNMet_A24A-0021_CRUK_PC_0021_M1	chr21q	0.9055270640726041	loss	21q -
RAxillaryLNMet_A24A-0021_CRUK_PC_0021_M1	KLHL17	1.0	loss	KLHL17 -
RAxillaryLNMet_A24A-0021_CRUK_PC_0021_M1	TNFRSF18	1.0	loss	TNFRSF18 -
RAxillaryLNMet_A24A-0021_CRUK_PC_0021_M1	MXRA8	1.0	loss	MXRA8 -
RAxillaryLNMet_A24A-0021_CRUK_PC_0021_M1	PLCH2	1.0	loss	PLCH2 -
RAxillaryLNMet_A24A-0021_CRUK_PC_0021_M1	RPL22	1.0	loss	RPL22 -
RAxillaryLNMet_A24A-0021_CRUK_PC_0021_M1	DNAJC11	1.0	loss	DNAJC11 -
RAxillaryLNMet_A24A-0021_CRUK_PC_0021_M1	ERRFI1	1.0	loss	ERRFI1 -
RAxillaryLNMet_A24A-0021_CRUK_PC_0021_M1	RERE	1.0	loss	RERE -
RAxillaryLNMet_A24A-0021_CRUK_PC_0021_M1	KIF1B	1.0	loss	KIF1B -
RAxillaryLNMet_A24A-0021_CRUK_PC_0021_M1	CASZ1	1.0	loss	CASZ1 -
RAxillaryLNMet_A24A-0021_CRUK_PC_0021_M1	MTOR	1.0	loss	MTOR -
RAxillaryLNMet_A24A-0021_CRUK_PC_0021_M1	AADACL3	1.0	loss	AADACL3 -
RAxillaryLNMet_A24A-0021_CRUK_PC_0021_M1	PRAMEF11	1.0	loss	PRAMEF11 -
RAxillaryLNMet_A24A-0021_CRUK_PC_0021_M1	SPEN	1.0	loss	SPEN -
RAxillaryLNMet_A24A-0021_CRUK_PC_0021_M1	EPHA2	1.0	loss	EPHA2 -
RAxillaryLNMet_A24A-0021_CRUK_PC_0021_M1	NBPF1	1.0	loss	NBPF1 -
RAxillaryLNMet_A24A-0021_CRUK_PC_0021_M1	PADI2	1.0	loss	PADI2 -
RAxillaryLNMet_A24A-0021_CRUK_PC_0021_M1	ALPL	1.0	loss	ALPL -
RAxillaryLNMet_A24A-0021_CRUK_PC_0021_M1	C1QA	1.0	loss	C1QA -
RAxillaryLNMet_A24A-0021_CRUK_PC_0021_M1	ID3	1.0	loss	ID3 -
RAxillaryLNMet_A24A-0021_CRUK_PC_0021_M1	MTFR1L	1.0	loss	MTFR1L -
RAxillaryLNMet_A24A-0021_CRUK_PC_0021_M1	ARID1A	1.0	loss	ARID1A -
RAxillaryLNMet_A24A-0021_CRUK_PC_0021_M1	SLC9A1	1.0	loss	SLC9A1 -
RAxillaryLNMet_A24A-0021_CRUK_PC_0021_M1	PHACTR4	1.0	loss	PHACTR4 -
RAxillaryLNMet_A24A-0021_CRUK_PC_0021_M1	RCC1	1.0	loss	RCC1 -
RAxillaryLNMet_A24A-0021_CRUK_PC_0021_M1	PTPRU	1.0	loss	PTPRU -
RAxillaryLNMet_A24A-0021_CRUK_PC_0021_M1	MARCKSL1	1.0	loss	MARCKSL1 -
RAxillaryLNMet_A24A-0021_CRUK_PC_0021_M1	GJB3	1.0	loss	GJB3 -
RAxillaryLNMet_A24A-0021_CRUK_PC_0021_M1	ZMYM6	1.0	loss	ZMYM6 -
RAxillaryLNMet_A24A-0021_CRUK_PC_0021_M1	SFPQ	1.0	loss	SFPQ -
RAxillaryLNMet_A24A-0021_CRUK_PC_0021_M1	ZMYM4	1.0	loss	ZMYM4 -
RAxillaryLNMet_A24A-0021_CRUK_PC_0021_M1	CLSPN	1.0	loss	CLSPN -
RAxillaryLNMet_A24A-0021_CRUK_PC_0021_M1	COL8A2	1.0	loss	COL8A2 -
RAxillaryLNMet_A24A-0021_CRUK_PC_0021_M1	MAP7D1	1.0	loss	MAP7D1 -
RAxillaryLNMet_A24A-0021_CRUK_PC_0021_M1	THRAP3	1.0	loss	THRAP3 -
RAxillaryLNMet_A24A-0021_CRUK_PC_0021_M1	GRIK3	1.0	loss	GRIK3 -
RAxillaryLNMet_A24A-0021_CRUK_PC_0021_M1	FHL3	1.0	loss	FHL3 -
RAxillaryLNMet_A24A-0021_CRUK_PC_0021_M1	NDUFS5	1.0	loss	NDUFS5 -
RAxillaryLNMet_A24A-0021_CRUK_PC_0021_M1	HPCAL4	1.0	loss	HPCAL4 -
RAxillaryLNMet_A24A-0021_CRUK_PC_0021_M1	OXCT2	1.0	loss	OXCT2 -
RAxillaryLNMet_A24A-0021_CRUK_PC_0021_M1	PPT1	1.0	loss	PPT1 -
RAxillaryLNMet_A24A-0021_CRUK_PC_0021_M1	TMCO2	1.0	loss	TMCO2 -
RAxillaryLNMet_A24A-0021_CRUK_PC_0021_M1	ZMPSTE24	1.0	loss	ZMPSTE24 -
RAxillaryLNMet_A24A-0021_CRUK_PC_0021_M1	COL9A2	1.0	loss	COL9A2 -
RAxillaryLNMet_A24A-0021_CRUK_PC_0021_M1	EXO5	1.0	loss	EXO5 -
RAxillaryLNMet_A24A-0021_CRUK_PC_0021_M1	RIMS3	1.0	loss	RIMS3 -
RAxillaryLNMet_A24A-0021_CRUK_PC_0021_M1	CCDC30	1.0	loss	CCDC30 -
RAxillaryLNMet_A24A-0021_CRUK_PC_0021_M1	PTPRF	1.0	loss	PTPRF -
RAxillaryLNMet_A24A-0021_CRUK_PC_0021_M1	RNF220	1.0	loss	RNF220 -
RAxillaryLNMet_A24A-0021_CRUK_PC_0021_M1	PRDX1	1.0	loss	PRDX1 -
RAxillaryLNMet_A24A-0021_CRUK_PC_0021_M1	MAST2	1.0	loss	MAST2 -
RAxillaryLNMet_A24A-0021_CRUK_PC_0021_M1	PIK3R3	1.0	loss	PIK3R3 -
RAxillaryLNMet_A24A-0021_CRUK_PC_0021_M1	STIL	1.0	loss	STIL -
RAxillaryLNMet_A24A-0021_CRUK_PC_0021_M1	CMPK1	1.0	loss	CMPK1 -
RAxillaryLNMet_A24A-0021_CRUK_PC_0021_M1	FOXE3	1.0	loss	FOXE3 -
RAxillaryLNMet_A24A-0021_CRUK_PC_0021_M1	SPATA6	1.0	loss	SPATA6 -
RAxillaryLNMet_A24A-0021_CRUK_PC_0021_M1	BEND5	1.0	loss	BEND5 -
RAxillaryLNMet_A24A-0021_CRUK_PC_0021_M1	CDKN2C	1.0	loss	CDKN2C -
RAxillaryLNMet_A24A-0021_CRUK_PC_0021_M1	ZFYVE9	1.0	loss	ZFYVE9 -
RAxillaryLNMet_A24A-0021_CRUK_PC_0021_M1	JUN	1.0	loss	JUN -
RAxillaryLNMet_A24A-0021_CRUK_PC_0021_M1	NFIA	1.0	loss	NFIA -
RAxillaryLNMet_A24A-0021_CRUK_PC_0021_M1	CACHD1	1.0	loss	CACHD1 -
RAxillaryLNMet_A24A-0021_CRUK_PC_0021_M1	JAK1	1.0	loss	JAK1 -
RAxillaryLNMet_A24A-0021_CRUK_PC_0021_M1	SRSF11	1.0	loss	SRSF11 -
RAxillaryLNMet_A24A-0021_CRUK_PC_0021_M1	CTH	1.0	loss	CTH -
RAxillaryLNMet_A24A-0021_CRUK_PC_0021_M1	TNNI3K	1.0	loss	TNNI3K -
RAxillaryLNMet_A24A-0021_CRUK_PC_0021_M1	NEXN	1.0	loss	NEXN -
RAxillaryLNMet_A24A-0021_CRUK_PC_0021_M1	FUBP1	1.0	loss	FUBP1 -
RAxillaryLNMet_A24A-0021_CRUK_PC_0021_M1	LPAR3	1.0	loss	LPAR3 -
RAxillaryLNMet_A24A-0021_CRUK_PC_0021_M1	BCL10	1.0	loss	BCL10 -
RAxillaryLNMet_A24A-0021_CRUK_PC_0021_M1	PKN2	1.0	loss	PKN2 -
RAxillaryLNMet_A24A-0021_CRUK_PC_0021_M1	GBP5	1.0	loss	GBP5 -
RAxillaryLNMet_A24A-0021_CRUK_PC_0021_M1	ZNF326	1.0	loss	ZNF326 -
RAxillaryLNMet_A24A-0021_CRUK_PC_0021_M1	CDC7	1.0	loss	CDC7 -
RAxillaryLNMet_A24A-0021_CRUK_PC_0021_M1	RPL5	1.0	loss	RPL5 -
RAxillaryLNMet_A24A-0021_CRUK_PC_0021_M1	CCDC18	1.0	loss	CCDC18 -
RAxillaryLNMet_A24A-0021_CRUK_PC_0021_M1	FNBP1L	1.0	loss	FNBP1L -
RAxillaryLNMet_A24A-0021_CRUK_PC_0021_M1	ARHGAP29	1.0	loss	ARHGAP29 -
RAxillaryLNMet_A24A-0021_CRUK_PC_0021_M1	DPYD	1.0	loss	DPYD -
RAxillaryLNMet_A24A-0021_CRUK_PC_0021_M1	GPR88	1.0	loss	GPR88 -
RAxillaryLNMet_A24A-0021_CRUK_PC_0021_M1	OLFM3	1.0	loss	OLFM3 -
RAxillaryLNMet_A24A-0021_CRUK_PC_0021_M1	COL11A1	1.0	loss	COL11A1 -
RAxillaryLNMet_A24A-0021_CRUK_PC_0021_M1	AMY2A	1.0	loss	AMY2A -
RAxillaryLNMet_A24A-0021_CRUK_PC_0021_M1	NTNG1	1.0	loss	NTNG1 -
RAxillaryLNMet_A24A-0021_CRUK_PC_0021_M1	PRPF38B	1.0	loss	PRPF38B -
RAxillaryLNMet_A24A-0021_CRUK_PC_0021_M1	GPSM2	1.0	loss	GPSM2 -
RAxillaryLNMet_A24A-0021_CRUK_PC_0021_M1	WDR47	1.0	loss	WDR47 -
RAxillaryLNMet_A24A-0021_CRUK_PC_0021_M1	SYPL2	1.0	loss	SYPL2 -
RAxillaryLNMet_A24A-0021_CRUK_PC_0021_M1	RBM15	1.0	loss	RBM15 -
RAxillaryLNMet_A24A-0021_CRUK_PC_0021_M1	KCNA10	1.0	loss	KCNA10 -
RAxillaryLNMet_A24A-0021_CRUK_PC_0021_M1	KCND3	1.0	loss	KCND3 -
RAxillaryLNMet_A24A-0021_CRUK_PC_0021_M1	NBPF10	1.0	loss	NBPF10 -
RAxillaryLNMet_A24A-0021_CRUK_PC_0021_M1	NOTCH2NL	1.0	loss	NOTCH2NL -
RAxillaryLNMet_A24A-0021_CRUK_PC_0021_M1	BCL9	1.0	loss	BCL9 -
RAxillaryLNMet_A24A-0021_CRUK_PC_0021_M1	NBPF9	1.0	loss	NBPF9 -
RAxillaryLNMet_A24A-0021_CRUK_PC_0021_M1	HIST2H2BF	1.0	loss	HIST2H2BF -
RAxillaryLNMet_A24A-0021_CRUK_PC_0021_M1	CTSK	1.0	loss	CTSK -
RAxillaryLNMet_A24A-0021_CRUK_PC_0021_M1	SETDB1	1.0	loss	SETDB1 -
RAxillaryLNMet_A24A-0021_CRUK_PC_0021_M1	MLLT11	1.0	loss	MLLT11 -
RAxillaryLNMet_A24A-0021_CRUK_PC_0021_M1	ZNF687	1.0	loss	ZNF687 -
RAxillaryLNMet_A24A-0021_CRUK_PC_0021_M1	POGZ	1.0	loss	POGZ -
RAxillaryLNMet_A24A-0021_CRUK_PC_0021_M1	RPTN	1.0	loss	RPTN -
RAxillaryLNMet_A24A-0021_CRUK_PC_0021_M1	LCE5A	1.0	loss	LCE5A -
RAxillaryLNMet_A24A-0021_CRUK_PC_0021_M1	LCE2D	1.0	loss	LCE2D -
RAxillaryLNMet_A24A-0021_CRUK_PC_0021_M1	C1orf68	1.0	loss	C1orf68 -
RAxillaryLNMet_A24A-0021_CRUK_PC_0021_M1	LELP1	1.0	loss	LELP1 -
RAxillaryLNMet_A24A-0021_CRUK_PC_0021_M1	S100A8	1.0	loss	S100A8 -
RAxillaryLNMet_A24A-0021_CRUK_PC_0021_M1	RAB13	1.0	loss	RAB13 -
RAxillaryLNMet_A24A-0021_CRUK_PC_0021_M1	CHRNB2	1.0	loss	CHRNB2 -
RAxillaryLNMet_A24A-0021_CRUK_PC_0021_M1	PYGO2	1.0	loss	PYGO2 -
RAxillaryLNMet_A24A-0021_CRUK_PC_0021_M1	EFNA4	1.0	loss	EFNA4 -
RAxillaryLNMet_A24A-0021_CRUK_PC_0021_M1	MTX1	1.0	loss	MTX1 -
RAxillaryLNMet_A24A-0021_CRUK_PC_0021_M1	ASH1L	1.0	loss	ASH1L -
RAxillaryLNMet_A24A-0021_CRUK_PC_0021_M1	RIT1	1.0	loss	RIT1 -
RAxillaryLNMet_A24A-0021_CRUK_PC_0021_M1	KIAA0907	1.0	loss	KIAA0907 -
RAxillaryLNMet_A24A-0021_CRUK_PC_0021_M1	MRPL24	1.0	loss	MRPL24 -
RAxillaryLNMet_A24A-0021_CRUK_PC_0021_M1	ETV3	1.0	loss	ETV3 -
RAxillaryLNMet_A24A-0021_CRUK_PC_0021_M1	CD5L	1.0	loss	CD5L -
RAxillaryLNMet_A24A-0021_CRUK_PC_0021_M1	KIRREL	1.0	loss	KIRREL -
RAxillaryLNMet_A24A-0021_CRUK_PC_0021_M1	CD1D	1.0	loss	CD1D -
RAxillaryLNMet_A24A-0021_CRUK_PC_0021_M1	CD1A	1.0	loss	CD1A -
RAxillaryLNMet_A24A-0021_CRUK_PC_0021_M1	SPTA1	1.0	loss	SPTA1 -
RAxillaryLNMet_A24A-0021_CRUK_PC_0021_M1	KCNJ9	1.0	loss	KCNJ9 -
RAxillaryLNMet_A24A-0021_CRUK_PC_0021_M1	ATP1A2	1.0	loss	ATP1A2 -
RAxillaryLNMet_A24A-0021_CRUK_PC_0021_M1	ATP1A4	1.0	loss	ATP1A4 -
RAxillaryLNMet_A24A-0021_CRUK_PC_0021_M1	VANGL2	1.0	loss	VANGL2 -
RAxillaryLNMet_A24A-0021_CRUK_PC_0021_M1	CD84	1.0	loss	CD84 -
RAxillaryLNMet_A24A-0021_CRUK_PC_0021_M1	SLAMF1	1.0	loss	SLAMF1 -
RAxillaryLNMet_A24A-0021_CRUK_PC_0021_M1	NIT1	1.0	loss	NIT1 -
RAxillaryLNMet_A24A-0021_CRUK_PC_0021_M1	MPZ	1.0	loss	MPZ -
RAxillaryLNMet_A24A-0021_CRUK_PC_0021_M1	NUF2	1.0	loss	NUF2 -
RAxillaryLNMet_A24A-0021_CRUK_PC_0021_M1	RXRG	1.0	loss	RXRG -
RAxillaryLNMet_A24A-0021_CRUK_PC_0021_M1	BLZF1	1.0	loss	BLZF1 -
RAxillaryLNMet_A24A-0021_CRUK_PC_0021_M1	SELP	1.0	loss	SELP -
RAxillaryLNMet_A24A-0021_CRUK_PC_0021_M1	PRRX1	1.0	loss	PRRX1 -
RAxillaryLNMet_A24A-0021_CRUK_PC_0021_M1	PRRC2C	1.0	loss	PRRC2C -
RAxillaryLNMet_A24A-0021_CRUK_PC_0021_M1	ZBTB37	1.0	loss	ZBTB37 -
RAxillaryLNMet_A24A-0021_CRUK_PC_0021_M1	ASTN1	1.0	loss	ASTN1 -
RAxillaryLNMet_A24A-0021_CRUK_PC_0021_M1	RASAL2	1.0	loss	RASAL2 -
RAxillaryLNMet_A24A-0021_CRUK_PC_0021_M1	ABL2	1.0	loss	ABL2 -
RAxillaryLNMet_A24A-0021_CRUK_PC_0021_M1	TOR1AIP1	1.0	loss	TOR1AIP1 -
RAxillaryLNMet_A24A-0021_CRUK_PC_0021_M1	XPR1	1.0	loss	XPR1 -
RAxillaryLNMet_A24A-0021_CRUK_PC_0021_M1	MR1	1.0	loss	MR1 -
RAxillaryLNMet_A24A-0021_CRUK_PC_0021_M1	CACNA1E	1.0	loss	CACNA1E -
RAxillaryLNMet_A24A-0021_CRUK_PC_0021_M1	RNF2	1.0	loss	RNF2 -
RAxillaryLNMet_A24A-0021_CRUK_PC_0021_M1	IVNS1ABP	1.0	loss	IVNS1ABP -
RAxillaryLNMet_A24A-0021_CRUK_PC_0021_M1	HMCN1	1.0	loss	HMCN1 -
RAxillaryLNMet_A24A-0021_CRUK_PC_0021_M1	CDC73	1.0	loss	CDC73 -
RAxillaryLNMet_A24A-0021_CRUK_PC_0021_M1	B3GALT2	1.0	loss	B3GALT2 -
RAxillaryLNMet_A24A-0021_CRUK_PC_0021_M1	KCNT2	1.0	loss	KCNT2 -
RAxillaryLNMet_A24A-0021_CRUK_PC_0021_M1	CFHR4	1.0	loss	CFHR4 -
RAxillaryLNMet_A24A-0021_CRUK_PC_0021_M1	C1orf53	1.0	loss	C1orf53 -
RAxillaryLNMet_A24A-0021_CRUK_PC_0021_M1	IGFN1	1.0	loss	IGFN1 -
RAxillaryLNMet_A24A-0021_CRUK_PC_0021_M1	ELF3	1.0	loss	ELF3 -
RAxillaryLNMet_A24A-0021_CRUK_PC_0021_M1	UBE2T	1.0	loss	UBE2T -
RAxillaryLNMet_A24A-0021_CRUK_PC_0021_M1	PPP1R12B	1.0	loss	PPP1R12B -
RAxillaryLNMet_A24A-0021_CRUK_PC_0021_M1	PPFIA4	1.0	loss	PPFIA4 -
RAxillaryLNMet_A24A-0021_CRUK_PC_0021_M1	PLEKHA6	1.0	loss	PLEKHA6 -
RAxillaryLNMet_A24A-0021_CRUK_PC_0021_M1	NFASC	1.0	loss	NFASC -
RAxillaryLNMet_A24A-0021_CRUK_PC_0021_M1	NUCKS1	1.0	loss	NUCKS1 -
RAxillaryLNMet_A24A-0021_CRUK_PC_0021_M1	AVPR1B	1.0	loss	AVPR1B -
RAxillaryLNMet_A24A-0021_CRUK_PC_0021_M1	CR1	1.0	loss	CR1 -
RAxillaryLNMet_A24A-0021_CRUK_PC_0021_M1	PLXNA2	1.0	loss	PLXNA2 -
RAxillaryLNMet_A24A-0021_CRUK_PC_0021_M1	IRF6	1.0	loss	IRF6 -
RAxillaryLNMet_A24A-0021_CRUK_PC_0021_M1	SLC30A1	1.0	loss	SLC30A1 -
RAxillaryLNMet_A24A-0021_CRUK_PC_0021_M1	INTS7	1.0	loss	INTS7 -
RAxillaryLNMet_A24A-0021_CRUK_PC_0021_M1	NENF	1.0	loss	NENF -
RAxillaryLNMet_A24A-0021_CRUK_PC_0021_M1	BATF3	1.0	loss	BATF3 -
RAxillaryLNMet_A24A-0021_CRUK_PC_0021_M1	GPATCH2	1.0	loss	GPATCH2 -
RAxillaryLNMet_A24A-0021_CRUK_PC_0021_M1	SPATA17	1.0	loss	SPATA17 -
RAxillaryLNMet_A24A-0021_CRUK_PC_0021_M1	CAPN2	1.0	loss	CAPN2 -
RAxillaryLNMet_A24A-0021_CRUK_PC_0021_M1	ENAH	1.0	loss	ENAH -
RAxillaryLNMet_A24A-0021_CRUK_PC_0021_M1	TMEM63A	1.0	loss	TMEM63A -
RAxillaryLNMet_A24A-0021_CRUK_PC_0021_M1	ACBD3	1.0	loss	ACBD3 -
RAxillaryLNMet_A24A-0021_CRUK_PC_0021_M1	LIN9	1.0	loss	LIN9 -
RAxillaryLNMet_A24A-0021_CRUK_PC_0021_M1	ZNF678	1.0	loss	ZNF678 -
RAxillaryLNMet_A24A-0021_CRUK_PC_0021_M1	TRIM67	1.0	loss	TRIM67 -
RAxillaryLNMet_A24A-0021_CRUK_PC_0021_M1	IRF2BP2	1.0	loss	IRF2BP2 -
RAxillaryLNMet_A24A-0021_CRUK_PC_0021_M1	ARID4B	1.0	loss	ARID4B -
RAxillaryLNMet_A24A-0021_CRUK_PC_0021_M1	GNG4	1.0	loss	GNG4 -
RAxillaryLNMet_A24A-0021_CRUK_PC_0021_M1	GPR137B	1.0	loss	GPR137B -
RAxillaryLNMet_A24A-0021_CRUK_PC_0021_M1	RYR2	1.0	loss	RYR2 -
RAxillaryLNMet_A24A-0021_CRUK_PC_0021_M1	RGS7	1.0	loss	RGS7 -
RAxillaryLNMet_A24A-0021_CRUK_PC_0021_M1	ZBTB18	1.0	loss	ZBTB18 -
RAxillaryLNMet_A24A-0021_CRUK_PC_0021_M1	SCCPDH	1.0	loss	SCCPDH -
RAxillaryLNMet_A24A-0021_CRUK_PC_0021_M1	OR2T35	1.0	loss	OR2T35 -
RAxillaryLNMet_A24A-0021_CRUK_PC_0021_M1	FSIP2	1.0	loss	FSIP2 -
RAxillaryLNMet_A24A-0021_CRUK_PC_0021_M1	CUL3	1.0	loss	CUL3 -
RAxillaryLNMet_A24A-0021_CRUK_PC_0021_M1	MFF	1.0	loss	MFF -
RAxillaryLNMet_A24A-0021_CRUK_PC_0021_M1	DNER	1.0	loss	DNER -
RAxillaryLNMet_A24A-0021_CRUK_PC_0021_M1	TRIP12	1.0	loss	TRIP12 -
RAxillaryLNMet_A24A-0021_CRUK_PC_0021_M1	ITM2C	1.0	loss	ITM2C -
RAxillaryLNMet_A24A-0021_CRUK_PC_0021_M1	GIGYF2	1.0	loss	GIGYF2 -
RAxillaryLNMet_A24A-0021_CRUK_PC_0021_M1	ATG16L1	1.0	loss	ATG16L1 -
RAxillaryLNMet_A24A-0021_CRUK_PC_0021_M1	BAP1	1.0	loss	BAP1 -
RAxillaryLNMet_A24A-0021_CRUK_PC_0021_M1	PBRM1	1.0	loss	PBRM1 -
RAxillaryLNMet_A24A-0021_CRUK_PC_0021_M1	GLT8D1	1.0	loss	GLT8D1 -
RAxillaryLNMet_A24A-0021_CRUK_PC_0021_M1	SPCS1	1.0	loss	SPCS1 -
RAxillaryLNMet_A24A-0021_CRUK_PC_0021_M1	PRKCD	1.0	loss	PRKCD -
RAxillaryLNMet_A24A-0021_CRUK_PC_0021_M1	CACNA1D	1.0	loss	CACNA1D -
RAxillaryLNMet_A24A-0021_CRUK_PC_0021_M1	ERC2	1.0	loss	ERC2 -
RAxillaryLNMet_A24A-0021_CRUK_PC_0021_M1	HESX1	1.0	loss	HESX1 -
RAxillaryLNMet_A24A-0021_CRUK_PC_0021_M1	ARF4	1.0	loss	ARF4 -
RAxillaryLNMet_A24A-0021_CRUK_PC_0021_M1	DENND6A	1.0	loss	DENND6A -
RAxillaryLNMet_A24A-0021_CRUK_PC_0021_M1	PXK	1.0	loss	PXK -
RAxillaryLNMet_A24A-0021_CRUK_PC_0021_M1	CADPS	1.0	loss	CADPS -
RAxillaryLNMet_A24A-0021_CRUK_PC_0021_M1	PSMD6	1.0	loss	PSMD6 -
RAxillaryLNMet_A24A-0021_CRUK_PC_0021_M1	FAM19A1	1.0	loss	FAM19A1 -
RAxillaryLNMet_A24A-0021_CRUK_PC_0021_M1	ZNF717	1.0	loss	ZNF717 -
RAxillaryLNMet_A24A-0021_CRUK_PC_0021_M1	ROBO2	1.0	loss	ROBO2 -
RAxillaryLNMet_A24A-0021_CRUK_PC_0021_M1	GBE1	1.0	loss	GBE1 -
RAxillaryLNMet_A24A-0021_CRUK_PC_0021_M1	ZNF654	1.0	loss	ZNF654 -
RAxillaryLNMet_A24A-0021_CRUK_PC_0021_M1	EPHA3	1.0	loss	EPHA3 -
RAxillaryLNMet_A24A-0021_CRUK_PC_0021_M1	EPHA6	1.0	loss	EPHA6 -
RAxillaryLNMet_A24A-0021_CRUK_PC_0021_M1	OR5AC2	1.0	loss	OR5AC2 -
RAxillaryLNMet_A24A-0021_CRUK_PC_0021_M1	TFG	1.0	loss	TFG -
RAxillaryLNMet_A24A-0021_CRUK_PC_0021_M1	SENP7	1.0	loss	SENP7 -
RAxillaryLNMet_A24A-0021_CRUK_PC_0021_M1	ZBTB11	1.0	loss	ZBTB11 -
RAxillaryLNMet_A24A-0021_CRUK_PC_0021_M1	ZBTB20	1.0	loss	ZBTB20 -
RAxillaryLNMet_A24A-0021_CRUK_PC_0021_M1	POGLUT1	1.0	loss	POGLUT1 -
RAxillaryLNMet_A24A-0021_CRUK_PC_0021_M1	GSK3B	1.0	loss	GSK3B -
RAxillaryLNMet_A24A-0021_CRUK_PC_0021_M1	GTF2E1	1.0	loss	GTF2E1 -
RAxillaryLNMet_A24A-0021_CRUK_PC_0021_M1	STXBP5L	1.0	loss	STXBP5L -
RAxillaryLNMet_A24A-0021_CRUK_PC_0021_M1	KPNA1	1.0	loss	KPNA1 -
RAxillaryLNMet_A24A-0021_CRUK_PC_0021_M1	DIRC2	1.0	loss	DIRC2 -
RAxillaryLNMet_A24A-0021_CRUK_PC_0021_M1	SEC22A	1.0	loss	SEC22A -
RAxillaryLNMet_A24A-0021_CRUK_PC_0021_M1	KALRN	1.0	loss	KALRN -
RAxillaryLNMet_A24A-0021_CRUK_PC_0021_M1	GATA2	1.0	loss	GATA2 -
RAxillaryLNMet_A24A-0021_CRUK_PC_0021_M1	C3orf27	1.0	loss	C3orf27 -
RAxillaryLNMet_A24A-0021_CRUK_PC_0021_M1	ISY1	1.0	loss	ISY1 -
RAxillaryLNMet_A24A-0021_CRUK_PC_0021_M1	EPHB1	1.0	loss	EPHB1 -
RAxillaryLNMet_A24A-0021_CRUK_PC_0021_M1	STAG1	1.0	loss	STAG1 -
RAxillaryLNMet_A24A-0021_CRUK_PC_0021_M1	PIK3CB	1.0	loss	PIK3CB -
RAxillaryLNMet_A24A-0021_CRUK_PC_0021_M1	RASA2	1.0	loss	RASA2 -
RAxillaryLNMet_A24A-0021_CRUK_PC_0021_M1	TFDP2	1.0	loss	TFDP2 -
RAxillaryLNMet_A24A-0021_CRUK_PC_0021_M1	ATR	1.0	loss	ATR -
RAxillaryLNMet_A24A-0021_CRUK_PC_0021_M1	SLC9A9	1.0	loss	SLC9A9 -
RAxillaryLNMet_A24A-0021_CRUK_PC_0021_M1	CPB1	1.0	loss	CPB1 -
RAxillaryLNMet_A24A-0021_CRUK_PC_0021_M1	HPS3	1.0	loss	HPS3 -
RAxillaryLNMet_A24A-0021_CRUK_PC_0021_M1	TSC22D2	1.0	loss	TSC22D2 -
RAxillaryLNMet_A24A-0021_CRUK_PC_0021_M1	SIAH2	1.0	loss	SIAH2 -
RAxillaryLNMet_A24A-0021_CRUK_PC_0021_M1	SUCNR1	1.0	loss	SUCNR1 -
RAxillaryLNMet_A24A-0021_CRUK_PC_0021_M1	MBNL1	1.0	loss	MBNL1 -
RAxillaryLNMet_A24A-0021_CRUK_PC_0021_M1	DHX36	1.0	loss	DHX36 -
RAxillaryLNMet_A24A-0021_CRUK_PC_0021_M1	MME	1.0	loss	MME -
RAxillaryLNMet_A24A-0021_CRUK_PC_0021_M1	RSRC1	1.0	loss	RSRC1 -
RAxillaryLNMet_A24A-0021_CRUK_PC_0021_M1	MLF1	1.0	loss	MLF1 -
RAxillaryLNMet_A24A-0021_CRUK_PC_0021_M1	SCHIP1	1.0	loss	SCHIP1 -
RAxillaryLNMet_A24A-0021_CRUK_PC_0021_M1	SMC4	1.0	loss	SMC4 -
RAxillaryLNMet_A24A-0021_CRUK_PC_0021_M1	TRIM59	1.0	loss	TRIM59 -
RAxillaryLNMet_A24A-0021_CRUK_PC_0021_M1	KPNA4	1.0	loss	KPNA4 -
RAxillaryLNMet_A24A-0021_CRUK_PC_0021_M1	B3GALNT1	1.0	loss	B3GALNT1 -
RAxillaryLNMet_A24A-0021_CRUK_PC_0021_M1	NMD3	1.0	loss	NMD3 -
RAxillaryLNMet_A24A-0021_CRUK_PC_0021_M1	GOLIM4	1.0	loss	GOLIM4 -
RAxillaryLNMet_A24A-0021_CRUK_PC_0021_M1	MECOM	1.0	loss	MECOM -
RAxillaryLNMet_A24A-0021_CRUK_PC_0021_M1	PHC3	1.0	loss	PHC3 -
RAxillaryLNMet_A24A-0021_CRUK_PC_0021_M1	PRKCI	1.0	loss	PRKCI -
RAxillaryLNMet_A24A-0021_CRUK_PC_0021_M1	EIF5A2	1.0	loss	EIF5A2 -
RAxillaryLNMet_A24A-0021_CRUK_PC_0021_M1	TNIK	1.0	loss	TNIK -
RAxillaryLNMet_A24A-0021_CRUK_PC_0021_M1	NAALADL2	1.0	loss	NAALADL2 -
RAxillaryLNMet_A24A-0021_CRUK_PC_0021_M1	B3GNT5	1.0	loss	B3GNT5 -
RAxillaryLNMet_A24A-0021_CRUK_PC_0021_M1	CHRD	1.0	loss	CHRD -
RAxillaryLNMet_A24A-0021_CRUK_PC_0021_M1	MAP3K13	1.0	loss	MAP3K13 -
RAxillaryLNMet_A24A-0021_CRUK_PC_0021_M1	TRA2B	1.0	loss	TRA2B -
RAxillaryLNMet_A24A-0021_CRUK_PC_0021_M1	RTP1	1.0	loss	RTP1 -
RAxillaryLNMet_A24A-0021_CRUK_PC_0021_M1	OSTN	1.0	loss	OSTN -
RAxillaryLNMet_A24A-0021_CRUK_PC_0021_M1	MB21D2	1.0	loss	MB21D2 -
RAxillaryLNMet_A24A-0021_CRUK_PC_0021_M1	HRASLS	1.0	loss	HRASLS -
RAxillaryLNMet_A24A-0021_CRUK_PC_0021_M1	MUC20	1.0	loss	MUC20 -
RAxillaryLNMet_A24A-0021_CRUK_PC_0021_M1	DLG1	1.0	loss	DLG1 -
RAxillaryLNMet_A24A-0021_CRUK_PC_0021_M1	FIP1L1	1.0	loss	FIP1L1 -
RAxillaryLNMet_A24A-0021_CRUK_PC_0021_M1	PDGFRA	1.0	loss	PDGFRA -
RAxillaryLNMet_A24A-0021_CRUK_PC_0021_M1	KIT	1.0	loss	KIT -
RAxillaryLNMet_A24A-0021_CRUK_PC_0021_M1	TMEM165	1.0	loss	TMEM165 -
RAxillaryLNMet_A24A-0021_CRUK_PC_0021_M1	EXOC1	1.0	loss	EXOC1 -
RAxillaryLNMet_A24A-0021_CRUK_PC_0021_M1	CEP135	1.0	loss	CEP135 -
RAxillaryLNMet_A24A-0021_CRUK_PC_0021_M1	SRP72	1.0	loss	SRP72 -
RAxillaryLNMet_A24A-0021_CRUK_PC_0021_M1	POLR2B	1.0	loss	POLR2B -
RAxillaryLNMet_A24A-0021_CRUK_PC_0021_M1	EPHA5	1.0	loss	EPHA5 -
RAxillaryLNMet_A24A-0021_CRUK_PC_0021_M1	YTHDC1	1.0	loss	YTHDC1 -
RAxillaryLNMet_A24A-0021_CRUK_PC_0021_M1	UGT2A2	1.0	loss	UGT2A2 -
RAxillaryLNMet_A24A-0021_CRUK_PC_0021_M1	SLC4A4	1.0	loss	SLC4A4 -
RAxillaryLNMet_A24A-0021_CRUK_PC_0021_M1	ALB	1.0	loss	ALB -
RAxillaryLNMet_A24A-0021_CRUK_PC_0021_M1	CXCL5	1.0	loss	CXCL5 -
RAxillaryLNMet_A24A-0021_CRUK_PC_0021_M1	G3BP2	1.0	loss	G3BP2 -
RAxillaryLNMet_A24A-0021_CRUK_PC_0021_M1	PAQR3	1.0	loss	PAQR3 -
RAxillaryLNMet_A24A-0021_CRUK_PC_0021_M1	GK2	1.0	loss	GK2 -
RAxillaryLNMet_A24A-0021_CRUK_PC_0021_M1	HNRNPD	1.0	loss	HNRNPD -
RAxillaryLNMet_A24A-0021_CRUK_PC_0021_M1	COPS4	1.0	loss	COPS4 -
RAxillaryLNMet_A24A-0021_CRUK_PC_0021_M1	FAM175A	1.0	loss	FAM175A -
RAxillaryLNMet_A24A-0021_CRUK_PC_0021_M1	NKX6-1	1.0	loss	NKX6-1 -
RAxillaryLNMet_A24A-0021_CRUK_PC_0021_M1	KLHL8	1.0	loss	KLHL8 -
RAxillaryLNMet_A24A-0021_CRUK_PC_0021_M1	DSPP	1.0	loss	DSPP -
RAxillaryLNMet_A24A-0021_CRUK_PC_0021_M1	PKD2	1.0	loss	PKD2 -
RAxillaryLNMet_A24A-0021_CRUK_PC_0021_M1	GRID2	1.0	loss	GRID2 -
RAxillaryLNMet_A24A-0021_CRUK_PC_0021_M1	PDHA2	1.0	loss	PDHA2 -
RAxillaryLNMet_A24A-0021_CRUK_PC_0021_M1	TET2	1.0	loss	TET2 -
RAxillaryLNMet_A24A-0021_CRUK_PC_0021_M1	DKK2	1.0	loss	DKK2 -
RAxillaryLNMet_A24A-0021_CRUK_PC_0021_M1	PAPSS1	1.0	loss	PAPSS1 -
RAxillaryLNMet_A24A-0021_CRUK_PC_0021_M1	SGMS2	1.0	loss	SGMS2 -
RAxillaryLNMet_A24A-0021_CRUK_PC_0021_M1	CFI	1.0	loss	CFI -
RAxillaryLNMet_A24A-0021_CRUK_PC_0021_M1	LARP7	1.0	loss	LARP7 -
RAxillaryLNMet_A24A-0021_CRUK_PC_0021_M1	UGT8	1.0	loss	UGT8 -
RAxillaryLNMet_A24A-0021_CRUK_PC_0021_M1	METTL14	1.0	loss	METTL14 -
RAxillaryLNMet_A24A-0021_CRUK_PC_0021_M1	PRDM5	1.0	loss	PRDM5 -
RAxillaryLNMet_A24A-0021_CRUK_PC_0021_M1	IL21	1.0	loss	IL21 -
RAxillaryLNMet_A24A-0021_CRUK_PC_0021_M1	FAT4	1.0	loss	FAT4 -
RAxillaryLNMet_A24A-0021_CRUK_PC_0021_M1	MFSD8	1.0	loss	MFSD8 -
RAxillaryLNMet_A24A-0021_CRUK_PC_0021_M1	PCDH18	1.0	loss	PCDH18 -
RAxillaryLNMet_A24A-0021_CRUK_PC_0021_M1	NAA15	1.0	loss	NAA15 -
RAxillaryLNMet_A24A-0021_CRUK_PC_0021_M1	CLGN	1.0	loss	CLGN -
RAxillaryLNMet_A24A-0021_CRUK_PC_0021_M1	INPP4B	1.0	loss	INPP4B -
RAxillaryLNMet_A24A-0021_CRUK_PC_0021_M1	HHIP	1.0	loss	HHIP -
RAxillaryLNMet_A24A-0021_CRUK_PC_0021_M1	MMAA	1.0	loss	MMAA -
RAxillaryLNMet_A24A-0021_CRUK_PC_0021_M1	POU4F2	1.0	loss	POU4F2 -
RAxillaryLNMet_A24A-0021_CRUK_PC_0021_M1	LRBA	1.0	loss	LRBA -
RAxillaryLNMet_A24A-0021_CRUK_PC_0021_M1	FBXW7	1.0	loss	FBXW7 -
RAxillaryLNMet_A24A-0021_CRUK_PC_0021_M1	TIGD4	1.0	loss	TIGD4 -
RAxillaryLNMet_A24A-0021_CRUK_PC_0021_M1	FGB	1.0	loss	FGB -
RAxillaryLNMet_A24A-0021_CRUK_PC_0021_M1	RBM46	1.0	loss	RBM46 -
RAxillaryLNMet_A24A-0021_CRUK_PC_0021_M1	GRIA2	1.0	loss	GRIA2 -
RAxillaryLNMet_A24A-0021_CRUK_PC_0021_M1	TKTL2	1.0	loss	TKTL2 -
RAxillaryLNMet_A24A-0021_CRUK_PC_0021_M1	TLL1	1.0	loss	TLL1 -
RAxillaryLNMet_A24A-0021_CRUK_PC_0021_M1	GALNT7	1.0	loss	GALNT7 -
RAxillaryLNMet_A24A-0021_CRUK_PC_0021_M1	SAP30	1.0	loss	SAP30 -
RAxillaryLNMet_A24A-0021_CRUK_PC_0021_M1	GLRA3	1.0	loss	GLRA3 -
RAxillaryLNMet_A24A-0021_CRUK_PC_0021_M1	GPM6A	1.0	loss	GPM6A -
RAxillaryLNMet_A24A-0021_CRUK_PC_0021_M1	WDR17	1.0	loss	WDR17 -
RAxillaryLNMet_A24A-0021_CRUK_PC_0021_M1	ASB5	1.0	loss	ASB5 -
RAxillaryLNMet_A24A-0021_CRUK_PC_0021_M1	WWC2	1.0	loss	WWC2 -
RAxillaryLNMet_A24A-0021_CRUK_PC_0021_M1	IRF2	1.0	loss	IRF2 -
RAxillaryLNMet_A24A-0021_CRUK_PC_0021_M1	FAT1	1.0	loss	FAT1 -
RAxillaryLNMet_A24A-0021_CRUK_PC_0021_M1	TRIP13	1.0	loss	TRIP13 -
RAxillaryLNMet_A24A-0021_CRUK_PC_0021_M1	ADAMTS16	1.0	loss	ADAMTS16 -
RAxillaryLNMet_A24A-0021_CRUK_PC_0021_M1	UBE2QL1	1.0	loss	UBE2QL1 -
RAxillaryLNMet_A24A-0021_CRUK_PC_0021_M1	FAM173B	1.0	loss	FAM173B -
RAxillaryLNMet_A24A-0021_CRUK_PC_0021_M1	TRIO	1.0	loss	TRIO -
RAxillaryLNMet_A24A-0021_CRUK_PC_0021_M1	MARCH11	1.0	loss	MARCH11 -
RAxillaryLNMet_A24A-0021_CRUK_PC_0021_M1	CDH12	1.0	loss	CDH12 -
RAxillaryLNMet_A24A-0021_CRUK_PC_0021_M1	CDH10	1.0	loss	CDH10 -
RAxillaryLNMet_A24A-0021_CRUK_PC_0021_M1	ZFR	1.0	loss	ZFR -
RAxillaryLNMet_A24A-0021_CRUK_PC_0021_M1	CAPSL	1.0	loss	CAPSL -
RAxillaryLNMet_A24A-0021_CRUK_PC_0021_M1	LMBRD2	1.0	loss	LMBRD2 -
RAxillaryLNMet_A24A-0021_CRUK_PC_0021_M1	RANBP3L	1.0	loss	RANBP3L -
RAxillaryLNMet_A24A-0021_CRUK_PC_0021_M1	NIPBL	1.0	loss	NIPBL -
RAxillaryLNMet_A24A-0021_CRUK_PC_0021_M1	C5orf28	1.0	loss	C5orf28 -
RAxillaryLNMet_A24A-0021_CRUK_PC_0021_M1	ARL15	1.0	loss	ARL15 -
RAxillaryLNMet_A24A-0021_CRUK_PC_0021_M1	DDX4	1.0	loss	DDX4 -
RAxillaryLNMet_A24A-0021_CRUK_PC_0021_M1	MAP3K1	1.0	loss	MAP3K1 -
RAxillaryLNMet_A24A-0021_CRUK_PC_0021_M1	HS3ST5	1.0	loss	HS3ST5 -
RAxillaryLNMet_A24A-0021_CRUK_PC_0021_M1	C7orf50	1.0	loss	C7orf50 -
RAxillaryLNMet_A24A-0021_CRUK_PC_0021_M1	UNCX	1.0	loss	UNCX -
RAxillaryLNMet_A24A-0021_CRUK_PC_0021_M1	TFAM	1.0	loss	TFAM -
RAxillaryLNMet_A24A-0021_CRUK_PC_0021_M1	ARID5B	1.0	loss	ARID5B -
RAxillaryLNMet_A24A-0021_CRUK_PC_0021_M1	JMJD1C	1.0	loss	JMJD1C -
RAxillaryLNMet_A24A-0021_CRUK_PC_0021_M1	HERC4	1.0	loss	HERC4 -
RAxillaryLNMet_A24A-0021_CRUK_PC_0021_M1	RUFY2	1.0	loss	RUFY2 -
RAxillaryLNMet_A24A-0021_CRUK_PC_0021_M1	CCAR1	1.0	loss	CCAR1 -
RAxillaryLNMet_A24A-0021_CRUK_PC_0021_M1	ANXA7	1.0	loss	ANXA7 -
RAxillaryLNMet_A24A-0021_CRUK_PC_0021_M1	SYNPO2L	1.0	loss	SYNPO2L -
RAxillaryLNMet_A24A-0021_CRUK_PC_0021_M1	FUT11	1.0	loss	FUT11 -
RAxillaryLNMet_A24A-0021_CRUK_PC_0021_M1	ZSWIM8	1.0	loss	ZSWIM8 -
RAxillaryLNMet_A24A-0021_CRUK_PC_0021_M1	KAT6B	1.0	loss	KAT6B -
RAxillaryLNMet_A24A-0021_CRUK_PC_0021_M1	NRG3	1.0	loss	NRG3 -
RAxillaryLNMet_A24A-0021_CRUK_PC_0021_M1	GRID1	1.0	loss	GRID1 -
RAxillaryLNMet_A24A-0021_CRUK_PC_0021_M1	ATAD1	1.0	loss	ATAD1 -
RAxillaryLNMet_A24A-0021_CRUK_PC_0021_M1	PTEN	1.0	loss	PTEN -
RAxillaryLNMet_A24A-0021_CRUK_PC_0021_M1	FAS	1.0	loss	FAS -
RAxillaryLNMet_A24A-0021_CRUK_PC_0021_M1	KIF20B	1.0	loss	KIF20B -
RAxillaryLNMet_A24A-0021_CRUK_PC_0021_M1	PPP1R3C	1.0	loss	PPP1R3C -
RAxillaryLNMet_A24A-0021_CRUK_PC_0021_M1	BTAF1	1.0	loss	BTAF1 -
RAxillaryLNMet_A24A-0021_CRUK_PC_0021_M1	CCNJ	1.0	loss	CCNJ -
RAxillaryLNMet_A24A-0021_CRUK_PC_0021_M1	TLL2	1.0	loss	TLL2 -
RAxillaryLNMet_A24A-0021_CRUK_PC_0021_M1	TM9SF3	1.0	loss	TM9SF3 -
RAxillaryLNMet_A24A-0021_CRUK_PC_0021_M1	R3HCC1L	1.0	loss	R3HCC1L -
RAxillaryLNMet_A24A-0021_CRUK_PC_0021_M1	HPS1	1.0	loss	HPS1 -
RAxillaryLNMet_A24A-0021_CRUK_PC_0021_M1	HPSE2	1.0	loss	HPSE2 -
RAxillaryLNMet_A24A-0021_CRUK_PC_0021_M1	PAX2	1.0	loss	PAX2 -
RAxillaryLNMet_A24A-0021_CRUK_PC_0021_M1	KCNIP2	1.0	loss	KCNIP2 -
RAxillaryLNMet_A24A-0021_CRUK_PC_0021_M1	LDB1	1.0	loss	LDB1 -
RAxillaryLNMet_A24A-0021_CRUK_PC_0021_M1	NFKB2	1.0	loss	NFKB2 -
RAxillaryLNMet_A24A-0021_CRUK_PC_0021_M1	SUFU	1.0	loss	SUFU -
RAxillaryLNMet_A24A-0021_CRUK_PC_0021_M1	SH3PXD2A	1.0	loss	SH3PXD2A -
RAxillaryLNMet_A24A-0021_CRUK_PC_0021_M1	SLK	1.0	loss	SLK -
RAxillaryLNMet_A24A-0021_CRUK_PC_0021_M1	GSTO2	1.0	loss	GSTO2 -
RAxillaryLNMet_A24A-0021_CRUK_PC_0021_M1	SORCS1	1.0	loss	SORCS1 -
RAxillaryLNMet_A24A-0021_CRUK_PC_0021_M1	TECTB	1.0	loss	TECTB -
RAxillaryLNMet_A24A-0021_CRUK_PC_0021_M1	TCF7L2	1.0	loss	TCF7L2 -
RAxillaryLNMet_A24A-0021_CRUK_PC_0021_M1	NRAP	1.0	loss	NRAP -
RAxillaryLNMet_A24A-0021_CRUK_PC_0021_M1	ATRNL1	1.0	loss	ATRNL1 -
RAxillaryLNMet_A24A-0021_CRUK_PC_0021_M1	CACUL1	1.0	loss	CACUL1 -
RAxillaryLNMet_A24A-0021_CRUK_PC_0021_M1	PRDX3	1.0	loss	PRDX3 -
RAxillaryLNMet_A24A-0021_CRUK_PC_0021_M1	FGFR2	1.0	loss	FGFR2 -
RAxillaryLNMet_A24A-0021_CRUK_PC_0021_M1	C10orf88	1.0	loss	C10orf88 -
RAxillaryLNMet_A24A-0021_CRUK_PC_0021_M1	IKZF5	1.0	loss	IKZF5 -
RAxillaryLNMet_A24A-0021_CRUK_PC_0021_M1	CPXM2	1.0	loss	CPXM2 -
RAxillaryLNMet_A24A-0021_CRUK_PC_0021_M1	MKI67	1.0	loss	MKI67 -
RAxillaryLNMet_A24A-0021_CRUK_PC_0021_M1	NDUFA9	1.0	loss	NDUFA9 -
RAxillaryLNMet_A24A-0021_CRUK_PC_0021_M1	VAMP1	1.0	loss	VAMP1 -
RAxillaryLNMet_A24A-0021_CRUK_PC_0021_M1	CHD4	1.0	loss	CHD4 -
RAxillaryLNMet_A24A-0021_CRUK_PC_0021_M1	SPSB2	1.0	loss	SPSB2 -
RAxillaryLNMet_A24A-0021_CRUK_PC_0021_M1	ENO2	1.0	loss	ENO2 -
RAxillaryLNMet_A24A-0021_CRUK_PC_0021_M1	EMG1	1.0	loss	EMG1 -
RAxillaryLNMet_A24A-0021_CRUK_PC_0021_M1	CD163	1.0	loss	CD163 -
RAxillaryLNMet_A24A-0021_CRUK_PC_0021_M1	CLEC4C	1.0	loss	CLEC4C -
RAxillaryLNMet_A24A-0021_CRUK_PC_0021_M1	AICDA	1.0	loss	AICDA -
RAxillaryLNMet_A24A-0021_CRUK_PC_0021_M1	MFAP5	1.0	loss	MFAP5 -
RAxillaryLNMet_A24A-0021_CRUK_PC_0021_M1	KLRG1	1.0	loss	KLRG1 -
RAxillaryLNMet_A24A-0021_CRUK_PC_0021_M1	KLRC2	1.0	loss	KLRC2 -
RAxillaryLNMet_A24A-0021_CRUK_PC_0021_M1	PRB3	1.0	loss	PRB3 -
RAxillaryLNMet_A24A-0021_CRUK_PC_0021_M1	ETV6	1.0	loss	ETV6 -
RAxillaryLNMet_A24A-0021_CRUK_PC_0021_M1	LRP6	1.0	loss	LRP6 -
RAxillaryLNMet_A24A-0021_CRUK_PC_0021_M1	MANSC1	1.0	loss	MANSC1 -
RAxillaryLNMet_A24A-0021_CRUK_PC_0021_M1	DUSP16	1.0	loss	DUSP16 -
RAxillaryLNMet_A24A-0021_CRUK_PC_0021_M1	CDKN1B	1.0	loss	CDKN1B -
RAxillaryLNMet_A24A-0021_CRUK_PC_0021_M1	CAPRIN2	1.0	loss	CAPRIN2 -
RAxillaryLNMet_A24A-0021_CRUK_PC_0021_M1	DNM1L	1.0	loss	DNM1L -
RAxillaryLNMet_A24A-0021_CRUK_PC_0021_M1	ADAMTS20	1.0	loss	ADAMTS20 -
RAxillaryLNMet_A24A-0021_CRUK_PC_0021_M1	TMEM117	1.0	loss	TMEM117 -
RAxillaryLNMet_A24A-0021_CRUK_PC_0021_M1	NELL2	1.0	loss	NELL2 -
RAxillaryLNMet_A24A-0021_CRUK_PC_0021_M1	ARID2	1.0	loss	ARID2 -
RAxillaryLNMet_A24A-0021_CRUK_PC_0021_M1	SCAF11	1.0	loss	SCAF11 -
RAxillaryLNMet_A24A-0021_CRUK_PC_0021_M1	WNT1	1.0	loss	WNT1 -
RAxillaryLNMet_A24A-0021_CRUK_PC_0021_M1	KMT2D	1.0	loss	KMT2D -
RAxillaryLNMet_A24A-0021_CRUK_PC_0021_M1	TUBA1B	1.0	loss	TUBA1B -
RAxillaryLNMet_A24A-0021_CRUK_PC_0021_M1	SPATS2	1.0	loss	SPATS2 -
RAxillaryLNMet_A24A-0021_CRUK_PC_0021_M1	MCRS1	1.0	loss	MCRS1 -
RAxillaryLNMet_A24A-0021_CRUK_PC_0021_M1	FMNL3	1.0	loss	FMNL3 -
RAxillaryLNMet_A24A-0021_CRUK_PC_0021_M1	AQP2	1.0	loss	AQP2 -
RAxillaryLNMet_A24A-0021_CRUK_PC_0021_M1	BIN2	1.0	loss	BIN2 -
RAxillaryLNMet_A24A-0021_CRUK_PC_0021_M1	ACVR1B	1.0	loss	ACVR1B -
RAxillaryLNMet_A24A-0021_CRUK_PC_0021_M1	KRT84	1.0	loss	KRT84 -
RAxillaryLNMet_A24A-0021_CRUK_PC_0021_M1	C12orf10	1.0	loss	C12orf10 -
RAxillaryLNMet_A24A-0021_CRUK_PC_0021_M1	PCBP2	1.0	loss	PCBP2 -
RAxillaryLNMet_A24A-0021_CRUK_PC_0021_M1	NFE2	1.0	loss	NFE2 -
RAxillaryLNMet_A24A-0021_CRUK_PC_0021_M1	PDE1B	1.0	loss	PDE1B -
RAxillaryLNMet_A24A-0021_CRUK_PC_0021_M1	GDF11	1.0	loss	GDF11 -
RAxillaryLNMet_A24A-0021_CRUK_PC_0021_M1	ERBB3	1.0	loss	ERBB3 -
RAxillaryLNMet_A24A-0021_CRUK_PC_0021_M1	ATP5B	1.0	loss	ATP5B -
RAxillaryLNMet_A24A-0021_CRUK_PC_0021_M1	PRIM1	1.0	loss	PRIM1 -
RAxillaryLNMet_A24A-0021_CRUK_PC_0021_M1	MBD6	1.0	loss	MBD6 -
RAxillaryLNMet_A24A-0021_CRUK_PC_0021_M1	KIF5A	1.0	loss	KIF5A -
RAxillaryLNMet_A24A-0021_CRUK_PC_0021_M1	ARHGEF25	1.0	loss	ARHGEF25 -
RAxillaryLNMet_A24A-0021_CRUK_PC_0021_M1	METTL1	1.0	loss	METTL1 -
RAxillaryLNMet_A24A-0021_CRUK_PC_0021_M1	LRIG3	1.0	loss	LRIG3 -
RAxillaryLNMet_A24A-0021_CRUK_PC_0021_M1	USP15	1.0	loss	USP15 -
RAxillaryLNMet_A24A-0021_CRUK_PC_0021_M1	XPOT	1.0	loss	XPOT -
RAxillaryLNMet_A24A-0021_CRUK_PC_0021_M1	MRPS31	1.0	loss	MRPS31 -
RAxillaryLNMet_A24A-0021_CRUK_PC_0021_M1	ELF1	1.0	loss	ELF1 -
RAxillaryLNMet_A24A-0021_CRUK_PC_0021_M1	WBP4	1.0	loss	WBP4 -
RAxillaryLNMet_A24A-0021_CRUK_PC_0021_M1	KBTBD7	1.0	loss	KBTBD7 -
RAxillaryLNMet_A24A-0021_CRUK_PC_0021_M1	ENOX1	1.0	loss	ENOX1 -
RAxillaryLNMet_A24A-0021_CRUK_PC_0021_M1	NUFIP1	1.0	loss	NUFIP1 -
RAxillaryLNMet_A24A-0021_CRUK_PC_0021_M1	ZC3H13	1.0	loss	ZC3H13 -
RAxillaryLNMet_A24A-0021_CRUK_PC_0021_M1	LCP1	1.0	loss	LCP1 -
RAxillaryLNMet_A24A-0021_CRUK_PC_0021_M1	LRCH1	1.0	loss	LRCH1 -
RAxillaryLNMet_A24A-0021_CRUK_PC_0021_M1	NUDT15	1.0	loss	NUDT15 -
RAxillaryLNMet_A24A-0021_CRUK_PC_0021_M1	RB1	1.0	loss	RB1 -
RAxillaryLNMet_A24A-0021_CRUK_PC_0021_M1	SETDB2	1.0	loss	SETDB2 -
RAxillaryLNMet_A24A-0021_CRUK_PC_0021_M1	EBPL	1.0	loss	EBPL -
RAxillaryLNMet_A24A-0021_CRUK_PC_0021_M1	OR4M2	1.0	loss	OR4M2 -
RAxillaryLNMet_A24A-0021_CRUK_PC_0021_M1	NIPA2	1.0	loss	NIPA2 -
RAxillaryLNMet_A24A-0021_CRUK_PC_0021_M1	SNRPN	1.0	loss	SNRPN -
RAxillaryLNMet_A24A-0021_CRUK_PC_0021_M1	GABRA5	1.0	loss	GABRA5 -
RAxillaryLNMet_A24A-0021_CRUK_PC_0021_M1	OTUD7A	1.0	loss	OTUD7A -
RAxillaryLNMet_A24A-0021_CRUK_PC_0021_M1	SPRED1	1.0	loss	SPRED1 -
RAxillaryLNMet_A24A-0021_CRUK_PC_0021_M1	BMF	1.0	loss	BMF -
RAxillaryLNMet_A24A-0021_CRUK_PC_0021_M1	C15orf52	1.0	loss	C15orf52 -
RAxillaryLNMet_A24A-0021_CRUK_PC_0021_M1	RMDN3	1.0	loss	RMDN3 -
RAxillaryLNMet_A24A-0021_CRUK_PC_0021_M1	INO80	1.0	loss	INO80 -
RAxillaryLNMet_A24A-0021_CRUK_PC_0021_M1	RTF1	1.0	loss	RTF1 -
RAxillaryLNMet_A24A-0021_CRUK_PC_0021_M1	MGA	1.0	loss	MGA -
RAxillaryLNMet_A24A-0021_CRUK_PC_0021_M1	CAPN3	1.0	loss	CAPN3 -
RAxillaryLNMet_A24A-0021_CRUK_PC_0021_M1	TP53BP1	1.0	loss	TP53BP1 -
RAxillaryLNMet_A24A-0021_CRUK_PC_0021_M1	CKMT1A	1.0	loss	CKMT1A -
RAxillaryLNMet_A24A-0021_CRUK_PC_0021_M1	MFAP1	1.0	loss	MFAP1 -
RAxillaryLNMet_A24A-0021_CRUK_PC_0021_M1	EIF3J	1.0	loss	EIF3J -
RAxillaryLNMet_A24A-0021_CRUK_PC_0021_M1	B2M	1.0	loss	B2M -
RAxillaryLNMet_A24A-0021_CRUK_PC_0021_M1	SORD	1.0	loss	SORD -
RAxillaryLNMet_A24A-0021_CRUK_PC_0021_M1	MYEF2	1.0	loss	MYEF2 -
RAxillaryLNMet_A24A-0021_CRUK_PC_0021_M1	SECISBP2L	1.0	loss	SECISBP2L -
RAxillaryLNMet_A24A-0021_CRUK_PC_0021_M1	ATP8B4	1.0	loss	ATP8B4 -
RAxillaryLNMet_A24A-0021_CRUK_PC_0021_M1	TRPM7	1.0	loss	TRPM7 -
RAxillaryLNMet_A24A-0021_CRUK_PC_0021_M1	AP4E1	1.0	loss	AP4E1 -
RAxillaryLNMet_A24A-0021_CRUK_PC_0021_M1	DMXL2	1.0	loss	DMXL2 -
RAxillaryLNMet_A24A-0021_CRUK_PC_0021_M1	ONECUT1	1.0	loss	ONECUT1 -
RAxillaryLNMet_A24A-0021_CRUK_PC_0021_M1	UNC13C	1.0	loss	UNC13C -
RAxillaryLNMet_A24A-0021_CRUK_PC_0021_M1	PIGB	1.0	loss	PIGB -
RAxillaryLNMet_A24A-0021_CRUK_PC_0021_M1	CCPG1	1.0	loss	CCPG1 -
RAxillaryLNMet_A24A-0021_CRUK_PC_0021_M1	RFX7	1.0	loss	RFX7 -
RAxillaryLNMet_A24A-0021_CRUK_PC_0021_M1	TCF12	1.0	loss	TCF12 -
RAxillaryLNMet_A24A-0021_CRUK_PC_0021_M1	RNF111	1.0	loss	RNF111 -
RAxillaryLNMet_A24A-0021_CRUK_PC_0021_M1	SLTM	1.0	loss	SLTM -
RAxillaryLNMet_A24A-0021_CRUK_PC_0021_M1	MYO1E	1.0	loss	MYO1E -
RAxillaryLNMet_A24A-0021_CRUK_PC_0021_M1	LACTB	1.0	loss	LACTB -
RAxillaryLNMet_A24A-0021_CRUK_PC_0021_M1	HERC1	1.0	loss	HERC1 -
RAxillaryLNMet_A24A-0021_CRUK_PC_0021_M1	CSNK1G1	1.0	loss	CSNK1G1 -
RAxillaryLNMet_A24A-0021_CRUK_PC_0021_M1	ANKDD1A	1.0	loss	ANKDD1A -
RAxillaryLNMet_A24A-0021_CRUK_PC_0021_M1	DENND4A	1.0	loss	DENND4A -
RAxillaryLNMet_A24A-0021_CRUK_PC_0021_M1	MAP2K1	1.0	loss	MAP2K1 -
RAxillaryLNMet_A24A-0021_CRUK_PC_0021_M1	LCTL	1.0	loss	LCTL -
RAxillaryLNMet_A24A-0021_CRUK_PC_0021_M1	FAM154B	1.0	loss	FAM154B -
RAxillaryLNMet_A24A-0021_CRUK_PC_0021_M1	SH3GL3	1.0	loss	SH3GL3 -
RAxillaryLNMet_A24A-0021_CRUK_PC_0021_M1	MFGE8	1.0	loss	MFGE8 -
RAxillaryLNMet_A24A-0021_CRUK_PC_0021_M1	IDH2	1.0	loss	IDH2 -
RAxillaryLNMet_A24A-0021_CRUK_PC_0021_M1	ZNF774	1.0	loss	ZNF774 -
RAxillaryLNMet_A24A-0021_CRUK_PC_0021_M1	NUDT19	1.0	loss	NUDT19 -
RAxillaryLNMet_A24A-0021_CRUK_PC_0021_M1	CEBPA	1.0	loss	CEBPA -
RAxillaryLNMet_A24A-0021_CRUK_PC_0021_M1	ZNF302	1.0	loss	ZNF302 -
RAxillaryLNMet_A24A-0021_CRUK_PC_0021_M1	ZNF181	1.0	loss	ZNF181 -
RAxillaryLNMet_A24A-0021_CRUK_PC_0021_M1	ATP4A	1.0	loss	ATP4A -
RAxillaryLNMet_A24A-0021_CRUK_PC_0021_M1	RBM42	1.0	loss	RBM42 -
RAxillaryLNMet_A24A-0021_CRUK_PC_0021_M1	KMT2B	1.0	loss	KMT2B -
RAxillaryLNMet_A24A-0021_CRUK_PC_0021_M1	ARHGAP33	1.0	loss	ARHGAP33 -
RAxillaryLNMet_A24A-0021_CRUK_PC_0021_M1	ZNF146	1.0	loss	ZNF146 -
RAxillaryLNMet_A24A-0021_CRUK_PC_0021_M1	ZFP14	1.0	loss	ZFP14 -
RAxillaryLNMet_A24A-0021_CRUK_PC_0021_M1	ZNF568	1.0	loss	ZNF568 -
RAxillaryLNMet_A24A-0021_CRUK_PC_0021_M1	PSMC4	1.0	loss	PSMC4 -
RAxillaryLNMet_A24A-0021_CRUK_PC_0021_M1	ZNF780A	1.0	loss	ZNF780A -
RAxillaryLNMet_A24A-0021_CRUK_PC_0021_M1	CEACAM5	1.0	loss	CEACAM5 -
RAxillaryLNMet_A24A-0021_CRUK_PC_0021_M1	CEACAM3	1.0	loss	CEACAM3 -
RAxillaryLNMet_A24A-0021_CRUK_PC_0021_M1	CIC	1.0	loss	CIC -
RAxillaryLNMet_A24A-0021_CRUK_PC_0021_M1	ZNF222	1.0	loss	ZNF222 -
RAxillaryLNMet_A24A-0021_CRUK_PC_0021_M1	ZNF225	1.0	loss	ZNF225 -
RAxillaryLNMet_A24A-0021_CRUK_PC_0021_M1	ZNF234	1.0	loss	ZNF234 -
RAxillaryLNMet_A24A-0021_CRUK_PC_0021_M1	ZNF180	1.0	loss	ZNF180 -
RAxillaryLNMet_A24A-0021_CRUK_PC_0021_M1	EXOC3L2	1.0	loss	EXOC3L2 -
RAxillaryLNMet_A24A-0021_CRUK_PC_0021_M1	DMWD	1.0	loss	DMWD -
RAxillaryLNMet_A24A-0021_CRUK_PC_0021_M1	IRF2BP1	1.0	loss	IRF2BP1 -
RAxillaryLNMet_A24A-0021_CRUK_PC_0021_M1	ARHGAP35	1.0	loss	ARHGAP35 -
RAxillaryLNMet_A24A-0021_CRUK_PC_0021_M1	GLTSCR1	1.0	loss	GLTSCR1 -
RAxillaryLNMet_A24A-0021_CRUK_PC_0021_M1	RPL18	1.0	loss	RPL18 -
RAxillaryLNMet_A24A-0021_CRUK_PC_0021_M1	BAX	1.0	loss	BAX -
RAxillaryLNMet_A24A-0021_CRUK_PC_0021_M1	PAX1	1.0	loss	PAX1 -
RAxillaryLNMet_A24A-0021_CRUK_PC_0021_M1	GGTLC1	1.0	loss	GGTLC1 -
RAxillaryLNMet_A24A-0021_CRUK_PC_0021_M1	DEFB115	1.0	loss	DEFB115 -
RAxillaryLNMet_A24A-0021_CRUK_PC_0021_M1	DEFB123	1.0	loss	DEFB123 -
RAxillaryLNMet_A24A-0021_CRUK_PC_0021_M1	TPX2	1.0	loss	TPX2 -
RAxillaryLNMet_A24A-0021_CRUK_PC_0021_M1	ASXL1	1.0	loss	ASXL1 -
RAxillaryLNMet_A24A-0021_CRUK_PC_0021_M1	USP25	1.0	loss	USP25 -
RAxillaryLNMet_A24A-0021_CRUK_PC_0021_M1	BTG3	1.0	loss	BTG3 -
RAxillaryLNMet_A24A-0021_CRUK_PC_0021_M1	JAM2	1.0	loss	JAM2 -
RAxillaryLNMet_A24A-0021_CRUK_PC_0021_M1	KRTAP19-1	1.0	loss	KRTAP19-1 -
RAxillaryLNMet_A24A-0021_CRUK_PC_0021_M1	KRTAP19-2	1.0	loss	KRTAP19-2 -
RAxillaryLNMet_A24A-0021_CRUK_PC_0021_M1	KRTAP20-2	1.0	loss	KRTAP20-2 -
RAxillaryLNMet_A24A-0021_CRUK_PC_0021_M1	SCAF4	1.0	loss	SCAF4 -
RAxillaryLNMet_A24A-0021_CRUK_PC_0021_M1	IFNGR2	1.0	loss	IFNGR2 -
RAxillaryLNMet_A24A-0021_CRUK_PC_0021_M1	ITSN1	1.0	loss	ITSN1 -
RAxillaryLNMet_A24A-0021_CRUK_PC_0021_M1	RUNX1	1.0	loss	RUNX1 -
RAxillaryLNMet_A24A-0021_CRUK_PC_0021_M1	SETD4	1.0	loss	SETD4 -
RAxillaryLNMet_A24A-0021_CRUK_PC_0021_M1	HLCS	1.0	loss	HLCS -
RAxillaryLNMet_A24A-0021_CRUK_PC_0021_M1	DYRK1A	1.0	loss	DYRK1A -
RAxillaryLNMet_A24A-0021_CRUK_PC_0021_M1	BRWD1	1.0	loss	BRWD1 -
RAxillaryLNMet_A24A-0021_CRUK_PC_0021_M1	PLAC4	1.0	loss	PLAC4 -
RAxillaryLNMet_A24A-0021_CRUK_PC_0021_M1	U2AF1	1.0	loss	U2AF1 -
RAxillaryLNMet_A24A-0021_CRUK_PC_0021_M1	KRTAP12-4	1.0	loss	KRTAP12-4 -
RRib7Met_A24D-0021_CRUK_PC_0021_M3	HS3ST6	1.0	gain	HS3ST6 +
RRib7Met_A24D-0021_CRUK_PC_0021_M3	GFER	1.0	gain	GFER +
RRib7Met_A24D-0021_CRUK_PC_0021_M3	TSC2	1.0	gain	TSC2 +
RRib7Met_A24D-0021_CRUK_PC_0021_M3	KLHL17	1.0	loss	KLHL17 -
RRib7Met_A24D-0021_CRUK_PC_0021_M3	TNFRSF18	1.0	loss	TNFRSF18 -
RRib7Met_A24D-0021_CRUK_PC_0021_M3	MXRA8	1.0	loss	MXRA8 -
RRib7Met_A24D-0021_CRUK_PC_0021_M3	PLCH2	1.0	loss	PLCH2 -
RRib7Met_A24D-0021_CRUK_PC_0021_M3	RPL22	1.0	loss	RPL22 -
RRib7Met_A24D-0021_CRUK_PC_0021_M3	DNAJC11	1.0	loss	DNAJC11 -
RRib7Met_A24D-0021_CRUK_PC_0021_M3	ERRFI1	1.0	loss	ERRFI1 -
RRib7Met_A24D-0021_CRUK_PC_0021_M3	RERE	1.0	loss	RERE -
RRib7Met_A24D-0021_CRUK_PC_0021_M3	KIF1B	1.0	loss	KIF1B -
RRib7Met_A24D-0021_CRUK_PC_0021_M3	CASZ1	1.0	loss	CASZ1 -
RRib7Met_A24D-0021_CRUK_PC_0021_M3	MTOR	1.0	loss	MTOR -
RRib7Met_A24D-0021_CRUK_PC_0021_M3	AADACL3	1.0	loss	AADACL3 -
RRib7Met_A24D-0021_CRUK_PC_0021_M3	PRAMEF11	1.0	loss	PRAMEF11 -
RRib7Met_A24D-0021_CRUK_PC_0021_M3	SPEN	1.0	loss	SPEN -
RRib7Met_A24D-0021_CRUK_PC_0021_M3	EPHA2	1.0	loss	EPHA2 -
RRib7Met_A24D-0021_CRUK_PC_0021_M3	NBPF1	1.0	loss	NBPF1 -
RRib7Met_A24D-0021_CRUK_PC_0021_M3	PADI2	1.0	loss	PADI2 -
RRib7Met_A24D-0021_CRUK_PC_0021_M3	ALPL	1.0	loss	ALPL -
RRib7Met_A24D-0021_CRUK_PC_0021_M3	C1QA	1.0	loss	C1QA -
RRib7Met_A24D-0021_CRUK_PC_0021_M3	ID3	1.0	loss	ID3 -
RRib7Met_A24D-0021_CRUK_PC_0021_M3	MTFR1L	1.0	loss	MTFR1L -
RRib7Met_A24D-0021_CRUK_PC_0021_M3	ARID1A	1.0	loss	ARID1A -
RRib7Met_A24D-0021_CRUK_PC_0021_M3	SLC9A1	1.0	loss	SLC9A1 -
RRib7Met_A24D-0021_CRUK_PC_0021_M3	PHACTR4	1.0	loss	PHACTR4 -
RRib7Met_A24D-0021_CRUK_PC_0021_M3	RCC1	1.0	loss	RCC1 -
RRib7Met_A24D-0021_CRUK_PC_0021_M3	PTPRU	1.0	loss	PTPRU -
RRib7Met_A24D-0021_CRUK_PC_0021_M3	MARCKSL1	1.0	loss	MARCKSL1 -
RRib7Met_A24D-0021_CRUK_PC_0021_M3	GJB3	1.0	loss	GJB3 -
RRib7Met_A24D-0021_CRUK_PC_0021_M3	ZMYM6	1.0	loss	ZMYM6 -
RRib7Met_A24D-0021_CRUK_PC_0021_M3	SFPQ	1.0	loss	SFPQ -
RRib7Met_A24D-0021_CRUK_PC_0021_M3	ZMYM4	1.0	loss	ZMYM4 -
RRib7Met_A24D-0021_CRUK_PC_0021_M3	CLSPN	1.0	loss	CLSPN -
RRib7Met_A24D-0021_CRUK_PC_0021_M3	COL8A2	1.0	loss	COL8A2 -
RRib7Met_A24D-0021_CRUK_PC_0021_M3	MAP7D1	1.0	loss	MAP7D1 -
RRib7Met_A24D-0021_CRUK_PC_0021_M3	THRAP3	1.0	loss	THRAP3 -
RRib7Met_A24D-0021_CRUK_PC_0021_M3	GRIK3	1.0	loss	GRIK3 -
RRib7Met_A24D-0021_CRUK_PC_0021_M3	FHL3	1.0	loss	FHL3 -
RRib7Met_A24D-0021_CRUK_PC_0021_M3	NDUFS5	1.0	loss	NDUFS5 -
RRib7Met_A24D-0021_CRUK_PC_0021_M3	HPCAL4	1.0	loss	HPCAL4 -
RRib7Met_A24D-0021_CRUK_PC_0021_M3	OXCT2	1.0	loss	OXCT2 -
RRib7Met_A24D-0021_CRUK_PC_0021_M3	CDKN2C	1.0	loss	CDKN2C -
RRib7Met_A24D-0021_CRUK_PC_0021_M3	ZFYVE9	1.0	loss	ZFYVE9 -
RRib7Met_A24D-0021_CRUK_PC_0021_M3	JUN	1.0	loss	JUN -
RRib7Met_A24D-0021_CRUK_PC_0021_M3	NFIA	1.0	loss	NFIA -
RRib7Met_A24D-0021_CRUK_PC_0021_M3	CACHD1	1.0	loss	CACHD1 -
RRib7Met_A24D-0021_CRUK_PC_0021_M3	JAK1	1.0	loss	JAK1 -
RRib7Met_A24D-0021_CRUK_PC_0021_M3	SRSF11	1.0	loss	SRSF11 -
RRib7Met_A24D-0021_CRUK_PC_0021_M3	CTH	1.0	loss	CTH -
RRib7Met_A24D-0021_CRUK_PC_0021_M3	MARCO	1.0	loss	MARCO -
RRib7Met_A24D-0021_CRUK_PC_0021_M3	ERCC3	1.0	loss	ERCC3 -
RRib7Met_A24D-0021_CRUK_PC_0021_M3	IWS1	1.0	loss	IWS1 -
RRib7Met_A24D-0021_CRUK_PC_0021_M3	WDR33	1.0	loss	WDR33 -
RRib7Met_A24D-0021_CRUK_PC_0021_M3	HS6ST1	1.0	loss	HS6ST1 -
RRib7Met_A24D-0021_CRUK_PC_0021_M3	MGAT5	1.0	loss	MGAT5 -
RRib7Met_A24D-0021_CRUK_PC_0021_M3	RAB3GAP1	1.0	loss	RAB3GAP1 -
RRib7Met_A24D-0021_CRUK_PC_0021_M3	ACVR2A	1.0	loss	ACVR2A -
RRib7Met_A24D-0021_CRUK_PC_0021_M3	CACNB4	1.0	loss	CACNB4 -
RRib7Met_A24D-0021_CRUK_PC_0021_M3	PRPF40A	1.0	loss	PRPF40A -
RRib7Met_A24D-0021_CRUK_PC_0021_M3	NR4A2	1.0	loss	NR4A2 -
RRib7Met_A24D-0021_CRUK_PC_0021_M3	PKP4	1.0	loss	PKP4 -
RRib7Met_A24D-0021_CRUK_PC_0021_M3	BAZ2B	1.0	loss	BAZ2B -
RRib7Met_A24D-0021_CRUK_PC_0021_M3	TBR1	1.0	loss	TBR1 -
RRib7Met_A24D-0021_CRUK_PC_0021_M3	SCN3A	1.0	loss	SCN3A -
RRib7Met_A24D-0021_CRUK_PC_0021_M3	LRP2	1.0	loss	LRP2 -
RRib7Met_A24D-0021_CRUK_PC_0021_M3	CYBRD1	1.0	loss	CYBRD1 -
RRib7Met_A24D-0021_CRUK_PC_0021_M3	SP3	1.0	loss	SP3 -
RRib7Met_A24D-0021_CRUK_PC_0021_M3	SCRN3	1.0	loss	SCRN3 -
RRib7Met_A24D-0021_CRUK_PC_0021_M3	WIPF1	1.0	loss	WIPF1 -
RRib7Met_A24D-0021_CRUK_PC_0021_M3	HOXD9	1.0	loss	HOXD9 -
RRib7Met_A24D-0021_CRUK_PC_0021_M3	NFE2L2	1.0	loss	NFE2L2 -
RRib7Met_A24D-0021_CRUK_PC_0021_M3	OSBPL6	1.0	loss	OSBPL6 -
RRib7Met_A24D-0021_CRUK_PC_0021_M3	PRKRA	1.0	loss	PRKRA -
RRib7Met_A24D-0021_CRUK_PC_0021_M3	SESTD1	1.0	loss	SESTD1 -
RRib7Met_A24D-0021_CRUK_PC_0021_M3	FSIP2	1.0	loss	FSIP2 -
RRib7Met_A24D-0021_CRUK_PC_0021_M3	ARL15	1.0	loss	ARL15 -
RRib7Met_A24D-0021_CRUK_PC_0021_M3	DDX4	1.0	loss	DDX4 -
RRib7Met_A24D-0021_CRUK_PC_0021_M3	MAP3K1	1.0	loss	MAP3K1 -
RRib7Met_A24D-0021_CRUK_PC_0021_M3	TEAD1	1.0	loss	TEAD1 -
RRib7Met_A24D-0021_CRUK_PC_0021_M3	RRAS2	1.0	loss	RRAS2 -
RRib7Met_A24D-0021_CRUK_PC_0021_M3	COPB1	1.0	loss	COPB1 -
RRib7Met_A24D-0021_CRUK_PC_0021_M3	PDE3B	1.0	loss	PDE3B -
RRib7Met_A24D-0021_CRUK_PC_0021_M3	SOX6	1.0	loss	SOX6 -
RRib7Met_A24D-0021_CRUK_PC_0021_M3	TSG101	1.0	loss	TSG101 -
RRib7Met_A24D-0021_CRUK_PC_0021_M3	SPTY2D1	1.0	loss	SPTY2D1 -
RRib7Met_A24D-0021_CRUK_PC_0021_M3	ZDHHC13	1.0	loss	ZDHHC13 -
RRib7Met_A24D-0021_CRUK_PC_0021_M3	E2F8	1.0	loss	E2F8 -
internal_2	NRP2	1.0	gain	NRP2 +
internal_2	EEF1B2	1.0	gain	EEF1B2 +
RDiaphragmaticMet_A24C-0021_CRUK_PC_0021_M2	NRP2	1.0	gain	NRP2 +
RDiaphragmaticMet_A24C-0021_CRUK_PC_0021_M2	EEF1B2	1.0	gain	EEF1B2 +
RDiaphragmaticMet_A24C-0021_CRUK_PC_0021_M2	SCN3A	1.0	gain	SCN3A +
RDiaphragmaticMet_A24C-0021_CRUK_PC_0021_M2	RGPD3	1.0	loss	RGPD3 -
RDiaphragmaticMet_A24C-0021_CRUK_PC_0021_M2	ST6GAL2	1.0	loss	ST6GAL2 -
RDiaphragmaticMet_A24C-0021_CRUK_PC_0021_M2	RGPD4	1.0	loss	RGPD4 -
RDiaphragmaticMet_A24C-0021_CRUK_PC_0021_M2	SULT1C3	1.0	loss	SULT1C3 -
RDiaphragmaticMet_A24C-0021_CRUK_PC_0021_M2	SULT1C4	1.0	loss	SULT1C4 -
RDiaphragmaticMet_A24C-0021_CRUK_PC_0021_M2	GCC2	1.0	loss	GCC2 -
RDiaphragmaticMet_A24C-0021_CRUK_PC_0021_M2	BCL2L11	1.0	loss	BCL2L11 -
XiphoidMet_A24E-0021_CRUK_PC_0021_M4	HECW2	1.0	gain	HECW2 +
XiphoidMet_A24E-0021_CRUK_PC_0021_M4	ANKRD44	1.0	gain	ANKRD44 +
XiphoidMet_A24E-0021_CRUK_PC_0021_M4	SF3B1	1.0	gain	SF3B1 +
